title,company,location,link
Entry Level Python Developer / Jr. Python Developer,KesarWeb,"California City, CA",https://www.indeed.com/viewjob?jk=009e154a57fb37cd&from=web&vjs=3
JUNIOR PYTHON DEVELOPER,zb.io,Remote,https://www.indeed.com/viewjob?jk=b8469cd8158033a3&from=web&vjs=3
Entry Level Python Developer / Jr. Python Developer,Dash Technologies Inc,"Texas City, TX",https://www.indeed.com/viewjob?jk=29fdc2006cf2ac81&from=web&vjs=3
Data Scientist,Healthcare Fraud Shield,"Chesterfield, MO",https://www.indeed.com/viewjob?jk=326406e3c4c00329&from=web&vjs=3
Python Software Engineer,SilverOnyx,"Bluffdale, UT",https://www.indeed.com/viewjob?jk=2260e6c9b15d5b64&from=web&vjs=3
Python & Django,Launch Potato,Florida,https://www.indeed.com/viewjob?jk=eed0b5a7daa1ac2d&from=web&vjs=3
Remote Python Developer,"Insight Enterprises, Inc.",Arizona,https://www.indeed.com/viewjob?jk=1e711c00a915fced&from=web&vjs=3
Python developer,Ace-stack LLC,Virginia,https://www.indeed.com/viewjob?jk=e7ff3008632225d7&from=web&vjs=3
Python & Infrastructure Developer,Phrasee,Remote,https://www.indeed.com/viewjob?jk=c24cd253a1ca330e&from=web&vjs=3
PYTHON SOFTWARE ENGINEER-DEEP LEARNING,InspiHER Tech,United States,https://www.indeed.com/viewjob?jk=3dd6c509667887e7&from=web&vjs=3
Associate Detection & Response Engineer,Expel,Virginia,https://www.indeed.com/viewjob?jk=1e8f41111cefa6f7&from=web&vjs=3
Jr.Python developer on W2,Kree,Remote,https://www.indeed.com/viewjob?jk=de9460ab704023da&from=web&vjs=3
Python Developer,Stratus Video,Remote,https://www.indeed.com/viewjob?jk=e9162fa9c4a6bb7e&from=web&vjs=3
Python/Django Developer,Club Loop Technologies,"Tulsa, OK",https://www.indeed.com/viewjob?jk=012c351cab7a99b7&from=web&vjs=3
SQL Developer,ZealNine,"Irving, TX",https://www.indeed.com/viewjob?jk=f16518fad469ede1&from=web&vjs=3
Entry Level Python Developer / Jr. Python Developer,KesarWeb,"California City, CA",https://www.indeed.com/viewjob?jk=009e154a57fb37cd&from=web&vjs=3
JUNIOR PYTHON DEVELOPER,zb.io,Remote,https://www.indeed.com/viewjob?jk=b8469cd8158033a3&from=web&vjs=3
Entry Level Python Developer / Jr. Python Developer,Dash Technologies Inc,"Texas City, TX",https://www.indeed.com/viewjob?jk=29fdc2006cf2ac81&from=web&vjs=3
Data Scientist,Healthcare Fraud Shield,"Chesterfield, MO",https://www.indeed.com/viewjob?jk=326406e3c4c00329&from=web&vjs=3
Python & Django,Launch Potato,Florida,https://www.indeed.com/viewjob?jk=eed0b5a7daa1ac2d&from=web&vjs=3
Python Software Engineer,SilverOnyx,"Bluffdale, UT",https://www.indeed.com/viewjob?jk=2260e6c9b15d5b64&from=web&vjs=3
Remote Python Developer,"Insight Enterprises, Inc.",Arizona,https://www.indeed.com/viewjob?jk=1e711c00a915fced&from=web&vjs=3
Python developer,Ace-stack LLC,Virginia,https://www.indeed.com/viewjob?jk=e7ff3008632225d7&from=web&vjs=3
Python Developer,RhinoCorps,"Albuquerque, NM",https://www.indeed.com/viewjob?jk=ef4a3a9ac86d112e&from=web&vjs=3
Python & Infrastructure Developer,Phrasee,Remote,https://www.indeed.com/viewjob?jk=c24cd253a1ca330e&from=web&vjs=3
PYTHON SOFTWARE ENGINEER-DEEP LEARNING,InspiHER Tech,United States,https://www.indeed.com/viewjob?jk=3dd6c509667887e7&from=web&vjs=3
Jr.Python developer on W2,Kree,Remote,https://www.indeed.com/viewjob?jk=de9460ab704023da&from=web&vjs=3
Associate Detection & Response Engineer,Expel,Virginia,https://www.indeed.com/viewjob?jk=1e8f41111cefa6f7&from=web&vjs=3
Python Developer,Stratus Video,Remote,https://www.indeed.com/viewjob?jk=e9162fa9c4a6bb7e&from=web&vjs=3
SQL Developer,ZealNine,"Irving, TX",https://www.indeed.com/viewjob?jk=f16518fad469ede1&from=web&vjs=3
Quality Assurance Engineer (Ruby / Capybara),"QualityLogic, Inc.","Oklahoma City, OK",https://www.indeed.com/viewjob?jk=f279d5454c574961&from=web&vjs=3
Python Developer,Systemonex INC,"New York, NY",https://www.indeed.com/viewjob?jk=261a6748688d29d6&from=web&vjs=3
Full Stack Developer,"DataPrivia, Inc.","Lynchburg, VA",https://www.indeed.com/viewjob?jk=1c8736147ead4a44&from=web&vjs=3
Python Developer,Systech Corp,Remote,https://www.indeed.com/viewjob?jk=4d6e2b42ed19c1ec&from=web&vjs=3
Software Test Analyst,"Innovative Wireless Technologies, Inc.","Lynchburg, VA",https://www.indeed.com/viewjob?jk=248048b1b807a6d0&from=web&vjs=3
Data Scientist,Healthcare Fraud Shield,"Chesterfield, MO",https://www.indeed.com/viewjob?jk=326406e3c4c00329&from=web&vjs=3
Jr. Big Data Engineer,Enhance IT,"San Diego, CA",https://www.indeed.com/viewjob?jk=479fd881b9bded42&from=web&vjs=3
Finance Data Analytics Manager,Smithfield Foods,"Smithfield, VA",https://www.indeed.com/viewjob?jk=8ccac8b405ae154d&from=web&vjs=3
Quality Assurance/Test Engineering Manager,"AppGuard, Inc.","Chantilly, VA",https://www.indeed.com/viewjob?jk=e5fca8914a2989c1&from=web&vjs=3
Entry Level Python Developer / Jr. Python Developer,KesarWeb,"California City, CA",https://www.indeed.com/viewjob?jk=009e154a57fb37cd&from=web&vjs=3
JUNIOR PYTHON DEVELOPER,zb.io,Remote,https://www.indeed.com/viewjob?jk=b8469cd8158033a3&from=web&vjs=3
Entry Level Python Developer / Jr. Python Developer,Dash Technologies Inc,"Texas City, TX",https://www.indeed.com/viewjob?jk=29fdc2006cf2ac81&from=web&vjs=3
Python & Django,Launch Potato,Florida,https://www.indeed.com/viewjob?jk=eed0b5a7daa1ac2d&from=web&vjs=3
Remote Python Developer,"Insight Enterprises, Inc.",Arizona,https://www.indeed.com/viewjob?jk=1e711c00a915fced&from=web&vjs=3
Python developer,Ace-stack LLC,Virginia,https://www.indeed.com/viewjob?jk=e7ff3008632225d7&from=web&vjs=3
Python & Infrastructure Developer,Phrasee,Remote,https://www.indeed.com/viewjob?jk=c24cd253a1ca330e&from=web&vjs=3
PYTHON SOFTWARE ENGINEER-DEEP LEARNING,InspiHER Tech,United States,https://www.indeed.com/viewjob?jk=3dd6c509667887e7&from=web&vjs=3
Jr.Python developer on W2,Kree,Remote,https://www.indeed.com/viewjob?jk=de9460ab704023da&from=web&vjs=3
Associate Detection & Response Engineer,Expel,Virginia,https://www.indeed.com/viewjob?jk=1e8f41111cefa6f7&from=web&vjs=3
Python Developer,Stratus Video,Remote,https://www.indeed.com/viewjob?jk=e9162fa9c4a6bb7e&from=web&vjs=3
SQL Developer,ZealNine,"Irving, TX",https://www.indeed.com/viewjob?jk=f16518fad469ede1&from=web&vjs=3
Python/Django Developer,Club Loop Technologies,"Tulsa, OK",https://www.indeed.com/viewjob?jk=012c351cab7a99b7&from=web&vjs=3
Python Developer Intern,OXO Solutions,"Ruby, SC",https://www.indeed.com/viewjob?jk=84a541c104b5b24c&from=web&vjs=3
Python Developer,Cool Minds LLC,"Atlanta, GA",https://www.indeed.com/viewjob?jk=0268e224172a699e&from=web&vjs=3
Sr. Python Developer,PROLIM Corporation,United States,https://www.indeed.com/viewjob?jk=01e816c71aa1b7d8&from=web&vjs=3
"MACHINE LEARNING ENGINEER - PYTHON, TENSORFLOW",InspiHER Tech,United States,https://www.indeed.com/viewjob?jk=a754b1fae51c41d2&from=web&vjs=3
Python Developer,Ken Info Systems,"Fremont, CA",https://www.indeed.com/viewjob?jk=32182ba132872ce7&from=web&vjs=3
Jr. Python Developer,"DataSys Consulting and Software, Inc","Sunnyvale, CA",https://www.indeed.com/viewjob?jk=9c46a89712355ad2&from=web&vjs=3
Back-End Python Developer - GitPrime,Pluralsight,Colorado,https://www.indeed.com/viewjob?jk=a1abf6435924c5a1&from=web&vjs=3
Enterprise Document Librarian,Red Hat Software,Remote,https://www.indeed.com/viewjob?jk=68f5834d083183db&from=web&vjs=3
Data Scientist Apprentice,Amazon.com Services LLC,United States,https://www.indeed.com/viewjob?jk=5023251233a7c320&from=web&vjs=3
Python Software Engineer,SilverOnyx,"Bluffdale, UT",https://www.indeed.com/viewjob?jk=2260e6c9b15d5b64&from=web&vjs=3
Front end UI Developer with Python,Ace-stack LLC,Virginia,https://www.indeed.com/viewjob?jk=43ccc8ec3d7cd94d&from=web&vjs=3
Python Developer,diamond,California,https://www.indeed.com/viewjob?jk=6283c79ff09d40c5&from=web&vjs=3
Python Developer,Sara Technologies,United States,https://www.indeed.com/viewjob?jk=07cc59a85ae4d228&from=web&vjs=3
Python Developer,Coveted Solutions,"Charlotte, NC",https://www.indeed.com/viewjob?jk=6f7e1c32ab8770c0&from=web&vjs=3
Senior Python Developer,Zigna soft,"McLean, VA",https://www.indeed.com/viewjob?jk=d4391d395dce6dd3&from=web&vjs=3
Senior Python Developer,Frontierpay,Remote,https://www.indeed.com/viewjob?jk=249fd45368894066&from=web&vjs=3
"Junior Software Engineer (Remote, USA, Full-Time)",4 Mile Analytics,Remote,https://www.indeed.com/viewjob?jk=d9fd8018aa106b06&from=web&vjs=3
REMOTE-web developer for a ugent project for small business (Python/Django),"Piroshky Baking Company, LLC","Seattle, WA",https://www.indeed.com/viewjob?jk=645cdbae12593c1c&from=web&vjs=3
Data Analyst,Imperfect Foods,Remote,https://www.indeed.com/viewjob?jk=271cc9467034ed11&from=web&vjs=3
Business Intelligence Intern,Evil Geniuses,California,https://www.indeed.com/viewjob?jk=85e0505695b43f23&from=web&vjs=3
Python Developer,Ennsee Technologies,"New York, NY",https://www.indeed.com/viewjob?jk=81f1cd0554a6374f&from=web&vjs=3
Online Scratch/Python Remote Instructor,Nature Preschool Center,"Austin, TX",https://www.indeed.com/viewjob?jk=41d9b0e93a198bdf&from=web&vjs=3
Software Engineer (Python),StratoDem Analytics LLC,"Chapel Hill, NC",https://www.indeed.com/viewjob?jk=8161857206375e3a&from=web&vjs=3
Remote Front End Software Engineer Intern - Winter 2020,Addepar,California,https://www.indeed.com/viewjob?jk=3587dd5b378ea324&from=web&vjs=3
Intranet Communications Specialist,Red Hat Software,Remote,https://www.indeed.com/viewjob?jk=13349093d57dd502&from=web&vjs=3
Python Developer,Ioneq Inc.,"Boston, MA",https://www.indeed.com/viewjob?jk=ee6d0b2c18b80cf1&from=web&vjs=3
Python Programmer,HotSpot Therapeutics,"Boston, MA",https://www.indeed.com/viewjob?jk=14bbf8f9456c1447&from=web&vjs=3
Entry Level - Software Developer,Smoothstack Inc,"Fairfax, VA",https://www.indeed.com/viewjob?jk=e49f6527e777a4a3&from=web&vjs=3
Python Developer,RhinoCorps,"Albuquerque, NM",https://www.indeed.com/viewjob?jk=ef4a3a9ac86d112e&from=web&vjs=3
Python Test Engineer,SRR Solutions,Virginia,https://www.indeed.com/viewjob?jk=72ba91e537bfae70&from=web&vjs=3
Data Engineer with Python,Brickred,Washington State,https://www.indeed.com/viewjob?jk=3668cbc9b78be2ad&from=web&vjs=3
Backend Developer,Emergere Technologies,Texas,https://www.indeed.com/viewjob?jk=69d61b5b1052c23e&from=web&vjs=3
Data Scientist Entry Level - Pathrise Recruiting Partners,Pathrise,Remote,https://www.indeed.com/viewjob?jk=57125117d2b4b0f6&from=web&vjs=3
Python Developer,KoreMinds LLC,"Houston, TX",https://www.indeed.com/viewjob?jk=970e91be300f3251&from=web&vjs=3
Python Developer,Indus Group,United States,https://www.indeed.com/viewjob?jk=67008ecde32d356f&from=web&vjs=3
Backend Python Engineer - Remote,Doctor On Demand,"Minneapolis, MN",https://www.indeed.com/viewjob?jk=73e42b341f1654c8&from=web&vjs=3
Junior Software Developer,Cangrade Company,"Cambridge, MA",https://www.indeed.com/viewjob?jk=4b9bb0e09c7f93e6&from=web&vjs=3
Entry Level Python Developer / Jr. Python Developer,KesarWeb,"California City, CA",https://www.indeed.com/viewjob?jk=009e154a57fb37cd&from=web&vjs=3
JUNIOR PYTHON DEVELOPER,zb.io,Remote,https://www.indeed.com/viewjob?jk=b8469cd8158033a3&from=web&vjs=3
Entry Level Python Developer / Jr. Python Developer,Dash Technologies Inc,"Texas City, TX",https://www.indeed.com/viewjob?jk=29fdc2006cf2ac81&from=web&vjs=3
Data Scientist,Healthcare Fraud Shield,"Chesterfield, MO",https://www.indeed.com/viewjob?jk=326406e3c4c00329&from=web&vjs=3
Python Software Engineer,SilverOnyx,"Bluffdale, UT",https://www.indeed.com/viewjob?jk=2260e6c9b15d5b64&from=web&vjs=3
Python & Django,Launch Potato,Florida,https://www.indeed.com/viewjob?jk=eed0b5a7daa1ac2d&from=web&vjs=3
Remote Python Developer,"Insight Enterprises, Inc.",Arizona,https://www.indeed.com/viewjob?jk=1e711c00a915fced&from=web&vjs=3
Python developer,Ace-stack LLC,Virginia,https://www.indeed.com/viewjob?jk=e7ff3008632225d7&from=web&vjs=3
Python Developer,RhinoCorps,"Albuquerque, NM",https://www.indeed.com/viewjob?jk=ef4a3a9ac86d112e&from=web&vjs=3
Python & Infrastructure Developer,Phrasee,Remote,https://www.indeed.com/viewjob?jk=c24cd253a1ca330e&from=web&vjs=3
PYTHON SOFTWARE ENGINEER-DEEP LEARNING,InspiHER Tech,United States,https://www.indeed.com/viewjob?jk=3dd6c509667887e7&from=web&vjs=3
Associate Detection & Response Engineer,Expel,Virginia,https://www.indeed.com/viewjob?jk=1e8f41111cefa6f7&from=web&vjs=3
Jr.Python developer on W2,Kree,Remote,https://www.indeed.com/viewjob?jk=de9460ab704023da&from=web&vjs=3
Python Developer,Stratus Video,Remote,https://www.indeed.com/viewjob?jk=e9162fa9c4a6bb7e&from=web&vjs=3
Python/Django Developer,Club Loop Technologies,"Tulsa, OK",https://www.indeed.com/viewjob?jk=012c351cab7a99b7&from=web&vjs=3
PYTHON SOFTWARE ENGINEER,"BigBear, Inc.","Reston, VA",https://www.indeed.com/viewjob?jk=5d22203661669770&from=web&vjs=3
Finance Data Analytics Manager,Smithfield Foods,"Smithfield, VA",https://www.indeed.com/viewjob?jk=8ccac8b405ae154d&from=web&vjs=3
Senior Analytics Developer,"International Consulting Associates, Inc (ICA)","Arlington, VA",https://www.indeed.com/viewjob?jk=7eac814615e74cb1&from=web&vjs=3
Software Test Analyst,"Innovative Wireless Technologies, Inc.","Lynchburg, VA",https://www.indeed.com/viewjob?jk=248048b1b807a6d0&from=web&vjs=3
Python Developer,Systemonex INC,"New York, NY",https://www.indeed.com/viewjob?jk=261a6748688d29d6&from=web&vjs=3
Jr. Big Data Engineer,Enhance IT,"San Diego, CA",https://www.indeed.com/viewjob?jk=479fd881b9bded42&from=web&vjs=3
Python Developer,Systech Corp,Remote,https://www.indeed.com/viewjob?jk=4d6e2b42ed19c1ec&from=web&vjs=3
Data Scientist,Healthcare Fraud Shield,"Chesterfield, MO",https://www.indeed.com/viewjob?jk=326406e3c4c00329&from=web&vjs=3
Quality Assurance/Test Engineering Manager,"AppGuard, Inc.","Chantilly, VA",https://www.indeed.com/viewjob?jk=e5fca8914a2989c1&from=web&vjs=3
Entry Level Python Developer / Jr. Python Developer,KesarWeb,"California City, CA",https://www.indeed.com/viewjob?jk=009e154a57fb37cd&from=web&vjs=3
JUNIOR PYTHON DEVELOPER,zb.io,Remote,https://www.indeed.com/viewjob?jk=b8469cd8158033a3&from=web&vjs=3
Entry Level Python Developer / Jr. Python Developer,Dash Technologies Inc,"Texas City, TX",https://www.indeed.com/viewjob?jk=29fdc2006cf2ac81&from=web&vjs=3
Python & Django,Launch Potato,Florida,https://www.indeed.com/viewjob?jk=eed0b5a7daa1ac2d&from=web&vjs=3
Remote Python Developer,"Insight Enterprises, Inc.",Arizona,https://www.indeed.com/viewjob?jk=1e711c00a915fced&from=web&vjs=3
Python developer,Ace-stack LLC,Virginia,https://www.indeed.com/viewjob?jk=e7ff3008632225d7&from=web&vjs=3
Python & Infrastructure Developer,Phrasee,Remote,https://www.indeed.com/viewjob?jk=c24cd253a1ca330e&from=web&vjs=3
PYTHON SOFTWARE ENGINEER-DEEP LEARNING,InspiHER Tech,United States,https://www.indeed.com/viewjob?jk=3dd6c509667887e7&from=web&vjs=3
Associate Detection & Response Engineer,Expel,Virginia,https://www.indeed.com/viewjob?jk=1e8f41111cefa6f7&from=web&vjs=3
Jr.Python developer on W2,Kree,Remote,https://www.indeed.com/viewjob?jk=de9460ab704023da&from=web&vjs=3
Python Developer,Stratus Video,Remote,https://www.indeed.com/viewjob?jk=e9162fa9c4a6bb7e&from=web&vjs=3
Python/Django Developer,Club Loop Technologies,"Tulsa, OK",https://www.indeed.com/viewjob?jk=012c351cab7a99b7&from=web&vjs=3
SQL Developer,ZealNine,"Irving, TX",https://www.indeed.com/viewjob?jk=f16518fad469ede1&from=web&vjs=3
Python Developer Intern,OXO Solutions,"Ruby, SC",https://www.indeed.com/viewjob?jk=84a541c104b5b24c&from=web&vjs=3
Python Developer,Cool Minds LLC,"Atlanta, GA",https://www.indeed.com/viewjob?jk=0268e224172a699e&from=web&vjs=3
Sr. Python Developer,PROLIM Corporation,United States,https://www.indeed.com/viewjob?jk=01e816c71aa1b7d8&from=web&vjs=3
"MACHINE LEARNING ENGINEER - PYTHON, TENSORFLOW",InspiHER Tech,United States,https://www.indeed.com/viewjob?jk=a754b1fae51c41d2&from=web&vjs=3
Python Developer,Ken Info Systems,"Fremont, CA",https://www.indeed.com/viewjob?jk=32182ba132872ce7&from=web&vjs=3
Jr. Python Developer,"DataSys Consulting and Software, Inc","Sunnyvale, CA",https://www.indeed.com/viewjob?jk=9c46a89712355ad2&from=web&vjs=3
Back-End Python Developer - GitPrime,Pluralsight,Colorado,https://www.indeed.com/viewjob?jk=a1abf6435924c5a1&from=web&vjs=3
Data Scientist Apprentice,Amazon.com Services LLC,United States,https://www.indeed.com/viewjob?jk=5023251233a7c320&from=web&vjs=3
Enterprise Document Librarian,Red Hat Software,Remote,https://www.indeed.com/viewjob?jk=68f5834d083183db&from=web&vjs=3
Python Software Engineer,SilverOnyx,"Bluffdale, UT",https://www.indeed.com/viewjob?jk=2260e6c9b15d5b64&from=web&vjs=3
Front end UI Developer with Python,Ace-stack LLC,Virginia,https://www.indeed.com/viewjob?jk=43ccc8ec3d7cd94d&from=web&vjs=3
Python Developer,diamond,California,https://www.indeed.com/viewjob?jk=6283c79ff09d40c5&from=web&vjs=3
Python Developer,Coveted Solutions,"Charlotte, NC",https://www.indeed.com/viewjob?jk=6f7e1c32ab8770c0&from=web&vjs=3
Python Developer,Sara Technologies,United States,https://www.indeed.com/viewjob?jk=07cc59a85ae4d228&from=web&vjs=3
Senior Python Developer,Zigna soft,"McLean, VA",https://www.indeed.com/viewjob?jk=d4391d395dce6dd3&from=web&vjs=3
REMOTE-web developer for a ugent project for small business (Python/Django),"Piroshky Baking Company, LLC","Seattle, WA",https://www.indeed.com/viewjob?jk=645cdbae12593c1c&from=web&vjs=3
Business Intelligence Intern,Evil Geniuses,California,https://www.indeed.com/viewjob?jk=85e0505695b43f23&from=web&vjs=3
Software Engineer (Python),StratoDem Analytics LLC,"Chapel Hill, NC",https://www.indeed.com/viewjob?jk=8161857206375e3a&from=web&vjs=3
Python Developer,Ennsee Technologies,"New York, NY",https://www.indeed.com/viewjob?jk=81f1cd0554a6374f&from=web&vjs=3
"Junior Software Engineer (Remote, USA, Full-Time)",4 Mile Analytics,Remote,https://www.indeed.com/viewjob?jk=d9fd8018aa106b06&from=web&vjs=3
Intranet Communications Specialist,Red Hat Software,Remote,https://www.indeed.com/viewjob?jk=13349093d57dd502&from=web&vjs=3
Python Developer,Ioneq Inc.,"Boston, MA",https://www.indeed.com/viewjob?jk=ee6d0b2c18b80cf1&from=web&vjs=3
Senior Python Developer,Frontierpay,Remote,https://www.indeed.com/viewjob?jk=249fd45368894066&from=web&vjs=3
Remote Front End Software Engineer Intern - Winter 2020,Addepar,California,https://www.indeed.com/viewjob?jk=3587dd5b378ea324&from=web&vjs=3
Data Analyst,Imperfect Foods,Remote,https://www.indeed.com/viewjob?jk=271cc9467034ed11&from=web&vjs=3
Entry Level - Software Developer,Smoothstack Inc,"Fairfax, VA",https://www.indeed.com/viewjob?jk=e49f6527e777a4a3&from=web&vjs=3
Python Programmer,HotSpot Therapeutics,"Boston, MA",https://www.indeed.com/viewjob?jk=14bbf8f9456c1447&from=web&vjs=3
Online Scratch/Python Remote Instructor,Nature Preschool Center,"Austin, TX",https://www.indeed.com/viewjob?jk=41d9b0e93a198bdf&from=web&vjs=3
Python Developer,KoreMinds LLC,"Houston, TX",https://www.indeed.com/viewjob?jk=970e91be300f3251&from=web&vjs=3
Data Engineer with Python,Brickred,Washington State,https://www.indeed.com/viewjob?jk=3668cbc9b78be2ad&from=web&vjs=3
Backend Developer,Emergere Technologies,Texas,https://www.indeed.com/viewjob?jk=69d61b5b1052c23e&from=web&vjs=3
Python Developer,RhinoCorps,"Albuquerque, NM",https://www.indeed.com/viewjob?jk=ef4a3a9ac86d112e&from=web&vjs=3
Backend Python Engineer - Remote,Doctor On Demand,"Minneapolis, MN",https://www.indeed.com/viewjob?jk=73e42b341f1654c8&from=web&vjs=3
Python Developer,Indus Group,United States,https://www.indeed.com/viewjob?jk=67008ecde32d356f&from=web&vjs=3
Junior Quant,Dexterity Capital,Remote,https://www.indeed.com/viewjob?jk=e1a750ccc83bd177&from=web&vjs=3
Python Test Engineer,SRR Solutions,Virginia,https://www.indeed.com/viewjob?jk=72ba91e537bfae70&from=web&vjs=3
Python Developer,Sreyo Inc,"Morrisville, NC",https://www.indeed.com/viewjob?jk=df9b06ae15f40143&from=web&vjs=3
PYTHON SOFTWARE ENGINEER,"BigBear, Inc.","Reston, VA",https://www.indeed.com/viewjob?jk=5d22203661669770&from=web&vjs=3
Full Stack Developer,RGI Corp.,"McLean, VA",https://www.indeed.com/viewjob?jk=2187df285a886b63&from=web&vjs=3
Full Stack Developer,"DataPrivia, Inc.","Lynchburg, VA",https://www.indeed.com/viewjob?jk=1c8736147ead4a44&from=web&vjs=3
Software Test Analyst,"Innovative Wireless Technologies, Inc.","Lynchburg, VA",https://www.indeed.com/viewjob?jk=248048b1b807a6d0&from=web&vjs=3
Python Developer,Systemonex INC,"New York, NY",https://www.indeed.com/viewjob?jk=261a6748688d29d6&from=web&vjs=3
Jr. Big Data Engineer,Enhance IT,"San Diego, CA",https://www.indeed.com/viewjob?jk=479fd881b9bded42&from=web&vjs=3
Python Developer,Systech Corp,Remote,https://www.indeed.com/viewjob?jk=4d6e2b42ed19c1ec&from=web&vjs=3
Data Scientist,Healthcare Fraud Shield,"Chesterfield, MO",https://www.indeed.com/viewjob?jk=326406e3c4c00329&from=web&vjs=3
Quality Assurance/Test Engineering Manager,"AppGuard, Inc.","Chantilly, VA",https://www.indeed.com/viewjob?jk=e5fca8914a2989c1&from=web&vjs=3
Entry Level Python Developer / Jr. Python Developer,KesarWeb,"California City, CA",https://www.indeed.com/viewjob?jk=009e154a57fb37cd&from=web&vjs=3
JUNIOR PYTHON DEVELOPER,zb.io,Remote,https://www.indeed.com/viewjob?jk=b8469cd8158033a3&from=web&vjs=3
Entry Level Python Developer / Jr. Python Developer,Dash Technologies Inc,"Texas City, TX",https://www.indeed.com/viewjob?jk=29fdc2006cf2ac81&from=web&vjs=3
Python & Django,Launch Potato,Florida,https://www.indeed.com/viewjob?jk=eed0b5a7daa1ac2d&from=web&vjs=3
Remote Python Developer,"Insight Enterprises, Inc.",Arizona,https://www.indeed.com/viewjob?jk=1e711c00a915fced&from=web&vjs=3
Python developer,Ace-stack LLC,Virginia,https://www.indeed.com/viewjob?jk=e7ff3008632225d7&from=web&vjs=3
Python & Infrastructure Developer,Phrasee,Remote,https://www.indeed.com/viewjob?jk=c24cd253a1ca330e&from=web&vjs=3
PYTHON SOFTWARE ENGINEER-DEEP LEARNING,InspiHER Tech,United States,https://www.indeed.com/viewjob?jk=3dd6c509667887e7&from=web&vjs=3
Jr.Python developer on W2,Kree,Remote,https://www.indeed.com/viewjob?jk=de9460ab704023da&from=web&vjs=3
Associate Detection & Response Engineer,Expel,Virginia,https://www.indeed.com/viewjob?jk=1e8f41111cefa6f7&from=web&vjs=3
Python Developer,Stratus Video,Remote,https://www.indeed.com/viewjob?jk=e9162fa9c4a6bb7e&from=web&vjs=3
SQL Developer,ZealNine,"Irving, TX",https://www.indeed.com/viewjob?jk=f16518fad469ede1&from=web&vjs=3
Python/Django Developer,Club Loop Technologies,"Tulsa, OK",https://www.indeed.com/viewjob?jk=012c351cab7a99b7&from=web&vjs=3
Python Developer Intern,OXO Solutions,"Ruby, SC",https://www.indeed.com/viewjob?jk=84a541c104b5b24c&from=web&vjs=3
Python Developer,Cool Minds LLC,"Atlanta, GA",https://www.indeed.com/viewjob?jk=0268e224172a699e&from=web&vjs=3
Sr. Python Developer,PROLIM Corporation,United States,https://www.indeed.com/viewjob?jk=01e816c71aa1b7d8&from=web&vjs=3
"MACHINE LEARNING ENGINEER - PYTHON, TENSORFLOW",InspiHER Tech,United States,https://www.indeed.com/viewjob?jk=a754b1fae51c41d2&from=web&vjs=3
Python Developer,Ken Info Systems,"Fremont, CA",https://www.indeed.com/viewjob?jk=32182ba132872ce7&from=web&vjs=3
Jr. Python Developer,"DataSys Consulting and Software, Inc","Sunnyvale, CA",https://www.indeed.com/viewjob?jk=9c46a89712355ad2&from=web&vjs=3
Back-End Python Developer - GitPrime,Pluralsight,Colorado,https://www.indeed.com/viewjob?jk=a1abf6435924c5a1&from=web&vjs=3
Enterprise Document Librarian,Red Hat Software,Remote,https://www.indeed.com/viewjob?jk=68f5834d083183db&from=web&vjs=3
Data Scientist Apprentice,Amazon.com Services LLC,United States,https://www.indeed.com/viewjob?jk=5023251233a7c320&from=web&vjs=3
Python Software Engineer,SilverOnyx,"Bluffdale, UT",https://www.indeed.com/viewjob?jk=2260e6c9b15d5b64&from=web&vjs=3
Front end UI Developer with Python,Ace-stack LLC,Virginia,https://www.indeed.com/viewjob?jk=43ccc8ec3d7cd94d&from=web&vjs=3
Python Developer,diamond,California,https://www.indeed.com/viewjob?jk=6283c79ff09d40c5&from=web&vjs=3
Python Developer,Sara Technologies,United States,https://www.indeed.com/viewjob?jk=07cc59a85ae4d228&from=web&vjs=3
Python Developer,Coveted Solutions,"Charlotte, NC",https://www.indeed.com/viewjob?jk=6f7e1c32ab8770c0&from=web&vjs=3
Senior Python Developer,Zigna soft,"McLean, VA",https://www.indeed.com/viewjob?jk=d4391d395dce6dd3&from=web&vjs=3
Senior Python Developer,Frontierpay,Remote,https://www.indeed.com/viewjob?jk=249fd45368894066&from=web&vjs=3
"Junior Software Engineer (Remote, USA, Full-Time)",4 Mile Analytics,Remote,https://www.indeed.com/viewjob?jk=d9fd8018aa106b06&from=web&vjs=3
REMOTE-web developer for a ugent project for small business (Python/Django),"Piroshky Baking Company, LLC","Seattle, WA",https://www.indeed.com/viewjob?jk=645cdbae12593c1c&from=web&vjs=3
Data Analyst,Imperfect Foods,Remote,https://www.indeed.com/viewjob?jk=271cc9467034ed11&from=web&vjs=3
Business Intelligence Intern,Evil Geniuses,California,https://www.indeed.com/viewjob?jk=85e0505695b43f23&from=web&vjs=3
Python Developer,Ennsee Technologies,"New York, NY",https://www.indeed.com/viewjob?jk=81f1cd0554a6374f&from=web&vjs=3
Online Scratch/Python Remote Instructor,Nature Preschool Center,"Austin, TX",https://www.indeed.com/viewjob?jk=41d9b0e93a198bdf&from=web&vjs=3
Software Engineer (Python),StratoDem Analytics LLC,"Chapel Hill, NC",https://www.indeed.com/viewjob?jk=8161857206375e3a&from=web&vjs=3
Remote Front End Software Engineer Intern - Winter 2020,Addepar,California,https://www.indeed.com/viewjob?jk=3587dd5b378ea324&from=web&vjs=3
Intranet Communications Specialist,Red Hat Software,Remote,https://www.indeed.com/viewjob?jk=13349093d57dd502&from=web&vjs=3
Python Developer,Ioneq Inc.,"Boston, MA",https://www.indeed.com/viewjob?jk=ee6d0b2c18b80cf1&from=web&vjs=3
Python Programmer,HotSpot Therapeutics,"Boston, MA",https://www.indeed.com/viewjob?jk=14bbf8f9456c1447&from=web&vjs=3
Entry Level - Software Developer,Smoothstack Inc,"Fairfax, VA",https://www.indeed.com/viewjob?jk=e49f6527e777a4a3&from=web&vjs=3
Python Developer,RhinoCorps,"Albuquerque, NM",https://www.indeed.com/viewjob?jk=ef4a3a9ac86d112e&from=web&vjs=3
Python Test Engineer,SRR Solutions,Virginia,https://www.indeed.com/viewjob?jk=72ba91e537bfae70&from=web&vjs=3
Data Engineer with Python,Brickred,Washington State,https://www.indeed.com/viewjob?jk=3668cbc9b78be2ad&from=web&vjs=3
Backend Developer,Emergere Technologies,Texas,https://www.indeed.com/viewjob?jk=69d61b5b1052c23e&from=web&vjs=3
Data Scientist Entry Level - Pathrise Recruiting Partners,Pathrise,Remote,https://www.indeed.com/viewjob?jk=57125117d2b4b0f6&from=web&vjs=3
Python Developer,KoreMinds LLC,"Houston, TX",https://www.indeed.com/viewjob?jk=970e91be300f3251&from=web&vjs=3
Python Developer,Indus Group,United States,https://www.indeed.com/viewjob?jk=67008ecde32d356f&from=web&vjs=3
Backend Python Engineer - Remote,Doctor On Demand,"Minneapolis, MN",https://www.indeed.com/viewjob?jk=73e42b341f1654c8&from=web&vjs=3
Junior Software Developer,Cangrade Company,"Cambridge, MA",https://www.indeed.com/viewjob?jk=4b9bb0e09c7f93e6&from=web&vjs=3
Entry Level Python Developer / Jr. Python Developer,KesarWeb,"California City, CA",https://www.indeed.com/viewjob?jk=009e154a57fb37cd&from=web&vjs=3
Data Scientist,Healthcare Fraud Shield,"Chesterfield, MO",https://www.indeed.com/viewjob?jk=326406e3c4c00329&from=web&vjs=3
Python Software Engineer,SilverOnyx,"Bluffdale, UT",https://www.indeed.com/viewjob?jk=2260e6c9b15d5b64&from=web&vjs=3
JUNIOR PYTHON DEVELOPER,zb.io,Remote,https://www.indeed.com/viewjob?jk=b8469cd8158033a3&from=web&vjs=3
Entry Level Python Developer / Jr. Python Developer,Dash Technologies Inc,"Texas City, TX",https://www.indeed.com/viewjob?jk=29fdc2006cf2ac81&from=web&vjs=3
Python & Django,Launch Potato,Florida,https://www.indeed.com/viewjob?jk=eed0b5a7daa1ac2d&from=web&vjs=3
Remote Python Developer,"Insight Enterprises, Inc.",Arizona,https://www.indeed.com/viewjob?jk=1e711c00a915fced&from=web&vjs=3
Python developer,Ace-stack LLC,Virginia,https://www.indeed.com/viewjob?jk=e7ff3008632225d7&from=web&vjs=3
Python Developer,Systemonex INC,"New York, NY",https://www.indeed.com/viewjob?jk=261a6748688d29d6&from=web&vjs=3
Python Developer,Systech Corp,Remote,https://www.indeed.com/viewjob?jk=4d6e2b42ed19c1ec&from=web&vjs=3
PYTHON SOFTWARE ENGINEER-DEEP LEARNING,InspiHER Tech,United States,https://www.indeed.com/viewjob?jk=3dd6c509667887e7&from=web&vjs=3
Python & Infrastructure Developer,Phrasee,Remote,https://www.indeed.com/viewjob?jk=c24cd253a1ca330e&from=web&vjs=3
Associate Detection & Response Engineer,Expel,Virginia,https://www.indeed.com/viewjob?jk=1e8f41111cefa6f7&from=web&vjs=3
Jr.Python developer on W2,Kree,Remote,https://www.indeed.com/viewjob?jk=de9460ab704023da&from=web&vjs=3
Python Developer,Stratus Video,Remote,https://www.indeed.com/viewjob?jk=e9162fa9c4a6bb7e&from=web&vjs=3
Entry Level Python Developer / Jr. Python Developer,KesarWeb,"California City, CA",https://www.indeed.com/viewjob?jk=009e154a57fb37cd&from=web&vjs=3
JUNIOR PYTHON DEVELOPER,zb.io,Remote,https://www.indeed.com/viewjob?jk=b8469cd8158033a3&from=web&vjs=3
Entry Level Python Developer / Jr. Python Developer,Dash Technologies Inc,"Texas City, TX",https://www.indeed.com/viewjob?jk=29fdc2006cf2ac81&from=web&vjs=3
Data Scientist,Healthcare Fraud Shield,"Chesterfield, MO",https://www.indeed.com/viewjob?jk=326406e3c4c00329&from=web&vjs=3
Python & Django,Launch Potato,Florida,https://www.indeed.com/viewjob?jk=eed0b5a7daa1ac2d&from=web&vjs=3
Python Software Engineer,SilverOnyx,"Bluffdale, UT",https://www.indeed.com/viewjob?jk=2260e6c9b15d5b64&from=web&vjs=3
Remote Python Developer,"Insight Enterprises, Inc.",Arizona,https://www.indeed.com/viewjob?jk=1e711c00a915fced&from=web&vjs=3
Python developer,Ace-stack LLC,Virginia,https://www.indeed.com/viewjob?jk=e7ff3008632225d7&from=web&vjs=3
Python & Infrastructure Developer,Phrasee,Remote,https://www.indeed.com/viewjob?jk=c24cd253a1ca330e&from=web&vjs=3
PYTHON SOFTWARE ENGINEER-DEEP LEARNING,InspiHER Tech,United States,https://www.indeed.com/viewjob?jk=3dd6c509667887e7&from=web&vjs=3
Jr.Python developer on W2,Kree,Remote,https://www.indeed.com/viewjob?jk=de9460ab704023da&from=web&vjs=3
Associate Detection & Response Engineer,Expel,Virginia,https://www.indeed.com/viewjob?jk=1e8f41111cefa6f7&from=web&vjs=3
Python Developer,Stratus Video,Remote,https://www.indeed.com/viewjob?jk=e9162fa9c4a6bb7e&from=web&vjs=3
SQL Developer,ZealNine,"Irving, TX",https://www.indeed.com/viewjob?jk=f16518fad469ede1&from=web&vjs=3
Python/Django Developer,Club Loop Technologies,"Tulsa, OK",https://www.indeed.com/viewjob?jk=012c351cab7a99b7&from=web&vjs=3
Python Developer,Systemonex INC,"New York, NY",https://www.indeed.com/viewjob?jk=261a6748688d29d6&from=web&vjs=3
Python Developer,Systech Corp,Remote,https://www.indeed.com/viewjob?jk=4d6e2b42ed19c1ec&from=web&vjs=3
Full Stack Developer,"DataPrivia, Inc.","Lynchburg, VA",https://www.indeed.com/viewjob?jk=1c8736147ead4a44&from=web&vjs=3
Software Test Analyst,"Innovative Wireless Technologies, Inc.","Lynchburg, VA",https://www.indeed.com/viewjob?jk=248048b1b807a6d0&from=web&vjs=3
Data Scientist,Healthcare Fraud Shield,"Chesterfield, MO",https://www.indeed.com/viewjob?jk=326406e3c4c00329&from=web&vjs=3
Jr. Big Data Engineer,Enhance IT,"San Diego, CA",https://www.indeed.com/viewjob?jk=479fd881b9bded42&from=web&vjs=3
Entry Level Python Developer / Jr. Python Developer,KesarWeb,"California City, CA",https://www.indeed.com/viewjob?jk=009e154a57fb37cd&from=web&vjs=3
JUNIOR PYTHON DEVELOPER,zb.io,Remote,https://www.indeed.com/viewjob?jk=b8469cd8158033a3&from=web&vjs=3
Entry Level Python Developer / Jr. Python Developer,Dash Technologies Inc,"Texas City, TX",https://www.indeed.com/viewjob?jk=29fdc2006cf2ac81&from=web&vjs=3
Python & Django,Launch Potato,Florida,https://www.indeed.com/viewjob?jk=eed0b5a7daa1ac2d&from=web&vjs=3
Remote Python Developer,"Insight Enterprises, Inc.",Arizona,https://www.indeed.com/viewjob?jk=1e711c00a915fced&from=web&vjs=3
Python developer,Ace-stack LLC,Virginia,https://www.indeed.com/viewjob?jk=e7ff3008632225d7&from=web&vjs=3
Python & Infrastructure Developer,Phrasee,Remote,https://www.indeed.com/viewjob?jk=c24cd253a1ca330e&from=web&vjs=3
PYTHON SOFTWARE ENGINEER-DEEP LEARNING,InspiHER Tech,United States,https://www.indeed.com/viewjob?jk=3dd6c509667887e7&from=web&vjs=3
Associate Detection & Response Engineer,Expel,Virginia,https://www.indeed.com/viewjob?jk=1e8f41111cefa6f7&from=web&vjs=3
Jr.Python developer on W2,Kree,Remote,https://www.indeed.com/viewjob?jk=de9460ab704023da&from=web&vjs=3
Python Developer,Stratus Video,Remote,https://www.indeed.com/viewjob?jk=e9162fa9c4a6bb7e&from=web&vjs=3
Python/Django Developer,Club Loop Technologies,"Tulsa, OK",https://www.indeed.com/viewjob?jk=012c351cab7a99b7&from=web&vjs=3
SQL Developer,ZealNine,"Irving, TX",https://www.indeed.com/viewjob?jk=f16518fad469ede1&from=web&vjs=3
Python Developer Intern,OXO Solutions,"Ruby, SC",https://www.indeed.com/viewjob?jk=84a541c104b5b24c&from=web&vjs=3
Python Developer,Cool Minds LLC,"Atlanta, GA",https://www.indeed.com/viewjob?jk=0268e224172a699e&from=web&vjs=3
Sr. Python Developer,PROLIM Corporation,United States,https://www.indeed.com/viewjob?jk=01e816c71aa1b7d8&from=web&vjs=3
"MACHINE LEARNING ENGINEER - PYTHON, TENSORFLOW",InspiHER Tech,United States,https://www.indeed.com/viewjob?jk=a754b1fae51c41d2&from=web&vjs=3
Python Developer,Ken Info Systems,"Fremont, CA",https://www.indeed.com/viewjob?jk=32182ba132872ce7&from=web&vjs=3
Jr. Python Developer,"DataSys Consulting and Software, Inc","Sunnyvale, CA",https://www.indeed.com/viewjob?jk=9c46a89712355ad2&from=web&vjs=3
Back-End Python Developer - GitPrime,Pluralsight,Colorado,https://www.indeed.com/viewjob?jk=a1abf6435924c5a1&from=web&vjs=3
Data Scientist Apprentice,Amazon.com Services LLC,United States,https://www.indeed.com/viewjob?jk=5023251233a7c320&from=web&vjs=3
Enterprise Document Librarian,Red Hat Software,Remote,https://www.indeed.com/viewjob?jk=68f5834d083183db&from=web&vjs=3
Python Software Engineer,SilverOnyx,"Bluffdale, UT",https://www.indeed.com/viewjob?jk=2260e6c9b15d5b64&from=web&vjs=3
Front end UI Developer with Python,Ace-stack LLC,Virginia,https://www.indeed.com/viewjob?jk=43ccc8ec3d7cd94d&from=web&vjs=3
Python Developer,diamond,California,https://www.indeed.com/viewjob?jk=6283c79ff09d40c5&from=web&vjs=3
Python Developer,Coveted Solutions,"Charlotte, NC",https://www.indeed.com/viewjob?jk=6f7e1c32ab8770c0&from=web&vjs=3
Python Developer,Sara Technologies,United States,https://www.indeed.com/viewjob?jk=07cc59a85ae4d228&from=web&vjs=3
Senior Python Developer,Zigna soft,"McLean, VA",https://www.indeed.com/viewjob?jk=d4391d395dce6dd3&from=web&vjs=3
REMOTE-web developer for a ugent project for small business (Python/Django),"Piroshky Baking Company, LLC","Seattle, WA",https://www.indeed.com/viewjob?jk=645cdbae12593c1c&from=web&vjs=3
Business Intelligence Intern,Evil Geniuses,California,https://www.indeed.com/viewjob?jk=85e0505695b43f23&from=web&vjs=3
Software Engineer (Python),StratoDem Analytics LLC,"Chapel Hill, NC",https://www.indeed.com/viewjob?jk=8161857206375e3a&from=web&vjs=3
Python Developer,Ennsee Technologies,"New York, NY",https://www.indeed.com/viewjob?jk=81f1cd0554a6374f&from=web&vjs=3
"Junior Software Engineer (Remote, USA, Full-Time)",4 Mile Analytics,Remote,https://www.indeed.com/viewjob?jk=d9fd8018aa106b06&from=web&vjs=3
Intranet Communications Specialist,Red Hat Software,Remote,https://www.indeed.com/viewjob?jk=13349093d57dd502&from=web&vjs=3
Python Developer,Ioneq Inc.,"Boston, MA",https://www.indeed.com/viewjob?jk=ee6d0b2c18b80cf1&from=web&vjs=3
Senior Python Developer,Frontierpay,Remote,https://www.indeed.com/viewjob?jk=249fd45368894066&from=web&vjs=3
Remote Front End Software Engineer Intern - Winter 2020,Addepar,California,https://www.indeed.com/viewjob?jk=3587dd5b378ea324&from=web&vjs=3
Data Analyst,Imperfect Foods,Remote,https://www.indeed.com/viewjob?jk=271cc9467034ed11&from=web&vjs=3
Entry Level - Software Developer,Smoothstack Inc,"Fairfax, VA",https://www.indeed.com/viewjob?jk=e49f6527e777a4a3&from=web&vjs=3
Python Programmer,HotSpot Therapeutics,"Boston, MA",https://www.indeed.com/viewjob?jk=14bbf8f9456c1447&from=web&vjs=3
Online Scratch/Python Remote Instructor,Nature Preschool Center,"Austin, TX",https://www.indeed.com/viewjob?jk=41d9b0e93a198bdf&from=web&vjs=3
Python Developer,KoreMinds LLC,"Houston, TX",https://www.indeed.com/viewjob?jk=970e91be300f3251&from=web&vjs=3
Data Engineer with Python,Brickred,Washington State,https://www.indeed.com/viewjob?jk=3668cbc9b78be2ad&from=web&vjs=3
Backend Developer,Emergere Technologies,Texas,https://www.indeed.com/viewjob?jk=69d61b5b1052c23e&from=web&vjs=3
Python Developer,RhinoCorps,"Albuquerque, NM",https://www.indeed.com/viewjob?jk=ef4a3a9ac86d112e&from=web&vjs=3
Backend Python Engineer - Remote,Doctor On Demand,"Minneapolis, MN",https://www.indeed.com/viewjob?jk=73e42b341f1654c8&from=web&vjs=3
Python Developer,Indus Group,United States,https://www.indeed.com/viewjob?jk=67008ecde32d356f&from=web&vjs=3
Junior Quant,Dexterity Capital,Remote,https://www.indeed.com/viewjob?jk=e1a750ccc83bd177&from=web&vjs=3
Python Test Engineer,SRR Solutions,Virginia,https://www.indeed.com/viewjob?jk=72ba91e537bfae70&from=web&vjs=3
Python Developer,Sreyo Inc,"Morrisville, NC",https://www.indeed.com/viewjob?jk=df9b06ae15f40143&from=web&vjs=3
Data Analyst with sql,First Notch Technology,"Richmond, VA",https://www.indeed.com/viewjob?jk=57babc3dd02caa85&from=web&vjs=3
Early-Career Software Engineer,Lockheed Martin,"Herndon, VA",https://www.indeed.com/viewjob?jk=081b1d008cd05c85&from=web&vjs=3
Quality Assurance/Test Engineering Manager,"AppGuard, Inc.","Chantilly, VA",https://www.indeed.com/viewjob?jk=e5fca8914a2989c1&from=web&vjs=3
Entry Level Python Developer / Jr. Python Developer,KesarWeb,"California City, CA",https://www.indeed.com/viewjob?jk=009e154a57fb37cd&from=web&vjs=3
JUNIOR PYTHON DEVELOPER,zb.io,Remote,https://www.indeed.com/viewjob?jk=b8469cd8158033a3&from=web&vjs=3
Entry Level Python Developer / Jr. Python Developer,Dash Technologies Inc,"Texas City, TX",https://www.indeed.com/viewjob?jk=29fdc2006cf2ac81&from=web&vjs=3
Data Scientist,Healthcare Fraud Shield,"Chesterfield, MO",https://www.indeed.com/viewjob?jk=326406e3c4c00329&from=web&vjs=3
Python & Django,Launch Potato,Florida,https://www.indeed.com/viewjob?jk=eed0b5a7daa1ac2d&from=web&vjs=3
Python Software Engineer,SilverOnyx,"Bluffdale, UT",https://www.indeed.com/viewjob?jk=2260e6c9b15d5b64&from=web&vjs=3
Remote Python Developer,"Insight Enterprises, Inc.",Arizona,https://www.indeed.com/viewjob?jk=1e711c00a915fced&from=web&vjs=3
Python developer,Ace-stack LLC,Virginia,https://www.indeed.com/viewjob?jk=e7ff3008632225d7&from=web&vjs=3
Python & Infrastructure Developer,Phrasee,Remote,https://www.indeed.com/viewjob?jk=c24cd253a1ca330e&from=web&vjs=3
PYTHON SOFTWARE ENGINEER-DEEP LEARNING,InspiHER Tech,United States,https://www.indeed.com/viewjob?jk=3dd6c509667887e7&from=web&vjs=3
Associate Detection & Response Engineer,Expel,Virginia,https://www.indeed.com/viewjob?jk=1e8f41111cefa6f7&from=web&vjs=3
Jr.Python developer on W2,Kree,Remote,https://www.indeed.com/viewjob?jk=de9460ab704023da&from=web&vjs=3
Python Developer,Stratus Video,Remote,https://www.indeed.com/viewjob?jk=e9162fa9c4a6bb7e&from=web&vjs=3
Python/Django Developer,Club Loop Technologies,"Tulsa, OK",https://www.indeed.com/viewjob?jk=012c351cab7a99b7&from=web&vjs=3
SQL Developer,ZealNine,"Irving, TX",https://www.indeed.com/viewjob?jk=f16518fad469ede1&from=web&vjs=3
Python Developer,Systemonex INC,"New York, NY",https://www.indeed.com/viewjob?jk=261a6748688d29d6&from=web&vjs=3
Python Developer,Systech Corp,Remote,https://www.indeed.com/viewjob?jk=4d6e2b42ed19c1ec&from=web&vjs=3
Software Applications Developer,Woodland Scenics,"Linn Creek, MO",https://www.indeed.com/viewjob?jk=5d920c797133200a&from=web&vjs=3
Software Test Analyst,"Innovative Wireless Technologies, Inc.","Lynchburg, VA",https://www.indeed.com/viewjob?jk=248048b1b807a6d0&from=web&vjs=3
Data Scientist,Healthcare Fraud Shield,"Chesterfield, MO",https://www.indeed.com/viewjob?jk=326406e3c4c00329&from=web&vjs=3
Full Stack Developer,"DataPrivia, Inc.","Lynchburg, VA",https://www.indeed.com/viewjob?jk=1c8736147ead4a44&from=web&vjs=3
Early-Career Software Engineer,Lockheed Martin,"Herndon, VA",https://www.indeed.com/viewjob?jk=081b1d008cd05c85&from=web&vjs=3
Data Analyst with sql,First Notch Technology,"Richmond, VA",https://www.indeed.com/viewjob?jk=57babc3dd02caa85&from=web&vjs=3
Python Software Engineer,SilverOnyx,"Bluffdale, UT",https://www.indeed.com/viewjob?jk=2260e6c9b15d5b64&from=web&vjs=3
Entry Level Python Developer / Jr. Python Developer,KesarWeb,"California City, CA",https://www.indeed.com/viewjob?jk=009e154a57fb37cd&from=web&vjs=3
JUNIOR PYTHON DEVELOPER,zb.io,Remote,https://www.indeed.com/viewjob?jk=b8469cd8158033a3&from=web&vjs=3
Entry Level Python Developer / Jr. Python Developer,Dash Technologies Inc,"Texas City, TX",https://www.indeed.com/viewjob?jk=29fdc2006cf2ac81&from=web&vjs=3
Python & Django,Launch Potato,Florida,https://www.indeed.com/viewjob?jk=eed0b5a7daa1ac2d&from=web&vjs=3
Remote Python Developer,"Insight Enterprises, Inc.",Arizona,https://www.indeed.com/viewjob?jk=1e711c00a915fced&from=web&vjs=3
Python developer,Ace-stack LLC,Virginia,https://www.indeed.com/viewjob?jk=e7ff3008632225d7&from=web&vjs=3
PYTHON SOFTWARE ENGINEER-DEEP LEARNING,InspiHER Tech,United States,https://www.indeed.com/viewjob?jk=3dd6c509667887e7&from=web&vjs=3
Python & Infrastructure Developer,Phrasee,Remote,https://www.indeed.com/viewjob?jk=c24cd253a1ca330e&from=web&vjs=3
Associate Detection & Response Engineer,Expel,Virginia,https://www.indeed.com/viewjob?jk=1e8f41111cefa6f7&from=web&vjs=3
Jr.Python developer on W2,Kree,Remote,https://www.indeed.com/viewjob?jk=de9460ab704023da&from=web&vjs=3
Python Developer,Stratus Video,Remote,https://www.indeed.com/viewjob?jk=e9162fa9c4a6bb7e&from=web&vjs=3
SQL Developer,ZealNine,"Irving, TX",https://www.indeed.com/viewjob?jk=f16518fad469ede1&from=web&vjs=3
Python/Django Developer,Club Loop Technologies,"Tulsa, OK",https://www.indeed.com/viewjob?jk=012c351cab7a99b7&from=web&vjs=3
Python Developer Intern,OXO Solutions,"Ruby, SC",https://www.indeed.com/viewjob?jk=84a541c104b5b24c&from=web&vjs=3
Python Developer,Cool Minds LLC,"Atlanta, GA",https://www.indeed.com/viewjob?jk=0268e224172a699e&from=web&vjs=3
Sr. Python Developer,PROLIM Corporation,United States,https://www.indeed.com/viewjob?jk=01e816c71aa1b7d8&from=web&vjs=3
"MACHINE LEARNING ENGINEER - PYTHON, TENSORFLOW",InspiHER Tech,United States,https://www.indeed.com/viewjob?jk=a754b1fae51c41d2&from=web&vjs=3
Python Developer,Ken Info Systems,"Fremont, CA",https://www.indeed.com/viewjob?jk=32182ba132872ce7&from=web&vjs=3
Jr. Python Developer,"DataSys Consulting and Software, Inc","Sunnyvale, CA",https://www.indeed.com/viewjob?jk=9c46a89712355ad2&from=web&vjs=3
Back-End Python Developer - GitPrime,Pluralsight,Colorado,https://www.indeed.com/viewjob?jk=a1abf6435924c5a1&from=web&vjs=3
Enterprise Document Librarian,Red Hat Software,Remote,https://www.indeed.com/viewjob?jk=68f5834d083183db&from=web&vjs=3
Python Software Engineer,SilverOnyx,"Bluffdale, UT",https://www.indeed.com/viewjob?jk=2260e6c9b15d5b64&from=web&vjs=3
Data Scientist Apprentice,Amazon.com Services LLC,United States,https://www.indeed.com/viewjob?jk=5023251233a7c320&from=web&vjs=3
Front end UI Developer with Python,Ace-stack LLC,Virginia,https://www.indeed.com/viewjob?jk=43ccc8ec3d7cd94d&from=web&vjs=3
Python Developer,diamond,California,https://www.indeed.com/viewjob?jk=6283c79ff09d40c5&from=web&vjs=3
Python Developer,Sara Technologies,United States,https://www.indeed.com/viewjob?jk=07cc59a85ae4d228&from=web&vjs=3
Senior Python Developer,Zigna soft,"McLean, VA",https://www.indeed.com/viewjob?jk=d4391d395dce6dd3&from=web&vjs=3
REMOTE-web developer for a ugent project for small business (Python/Django),"Piroshky Baking Company, LLC","Seattle, WA",https://www.indeed.com/viewjob?jk=645cdbae12593c1c&from=web&vjs=3
Online Scratch/Python Remote Instructor,Nature Preschool Center,"Austin, TX",https://www.indeed.com/viewjob?jk=41d9b0e93a198bdf&from=web&vjs=3
Senior Python Developer,Frontierpay,Remote,https://www.indeed.com/viewjob?jk=249fd45368894066&from=web&vjs=3
Python Programmer,HotSpot Therapeutics,"Boston, MA",https://www.indeed.com/viewjob?jk=14bbf8f9456c1447&from=web&vjs=3
"Junior Software Engineer (Remote, USA, Full-Time)",4 Mile Analytics,Remote,https://www.indeed.com/viewjob?jk=d9fd8018aa106b06&from=web&vjs=3
Python Developer,Coveted Solutions,"Charlotte, NC",https://www.indeed.com/viewjob?jk=6f7e1c32ab8770c0&from=web&vjs=3
Python Developer,RhinoCorps,"Albuquerque, NM",https://www.indeed.com/viewjob?jk=ef4a3a9ac86d112e&from=web&vjs=3
Software Engineer (Python),StratoDem Analytics LLC,"Chapel Hill, NC",https://www.indeed.com/viewjob?jk=8161857206375e3a&from=web&vjs=3
Data Analyst,Imperfect Foods,Remote,https://www.indeed.com/viewjob?jk=271cc9467034ed11&from=web&vjs=3
Business Intelligence Intern,Evil Geniuses,California,https://www.indeed.com/viewjob?jk=85e0505695b43f23&from=web&vjs=3
Python Developer,Ennsee Technologies,"New York, NY",https://www.indeed.com/viewjob?jk=81f1cd0554a6374f&from=web&vjs=3
Python Test Engineer,SRR Solutions,Virginia,https://www.indeed.com/viewjob?jk=72ba91e537bfae70&from=web&vjs=3
Remote Front End Software Engineer Intern - Winter 2020,Addepar,California,https://www.indeed.com/viewjob?jk=3587dd5b378ea324&from=web&vjs=3
Intranet Communications Specialist,Red Hat Software,Remote,https://www.indeed.com/viewjob?jk=13349093d57dd502&from=web&vjs=3
Python Developer,Ioneq Inc.,"Boston, MA",https://www.indeed.com/viewjob?jk=ee6d0b2c18b80cf1&from=web&vjs=3
Entry Level - Software Developer,Smoothstack Inc,"Fairfax, VA",https://www.indeed.com/viewjob?jk=e49f6527e777a4a3&from=web&vjs=3
Python Developer,Indus Group,United States,https://www.indeed.com/viewjob?jk=67008ecde32d356f&from=web&vjs=3
Data Engineer with Python,Brickred,Washington State,https://www.indeed.com/viewjob?jk=3668cbc9b78be2ad&from=web&vjs=3
Backend Developer,Emergere Technologies,Texas,https://www.indeed.com/viewjob?jk=69d61b5b1052c23e&from=web&vjs=3
GIS Technician (Contract),Orbital Insight,United States,https://www.indeed.com/viewjob?jk=3e307741d1c78aec&from=web&vjs=3
Python Developer,KoreMinds LLC,"Houston, TX",https://www.indeed.com/viewjob?jk=970e91be300f3251&from=web&vjs=3
Field Operations Specialist,Bayer,Missouri,https://www.indeed.com/viewjob?jk=01ccb7a9f8cf53ea&from=web&vjs=3
Backend Python Engineer - Remote,Doctor On Demand,"Minneapolis, MN",https://www.indeed.com/viewjob?jk=73e42b341f1654c8&from=web&vjs=3
Entry Level Python Developer / Jr. Python Developer,KesarWeb,"California City, CA",https://www.indeed.com/viewjob?jk=009e154a57fb37cd&from=web&vjs=3
JUNIOR PYTHON DEVELOPER,zb.io,Remote,https://www.indeed.com/viewjob?jk=b8469cd8158033a3&from=web&vjs=3
Entry Level Python Developer / Jr. Python Developer,Dash Technologies Inc,"Texas City, TX",https://www.indeed.com/viewjob?jk=29fdc2006cf2ac81&from=web&vjs=3
Data Scientist,Healthcare Fraud Shield,"Chesterfield, MO",https://www.indeed.com/viewjob?jk=326406e3c4c00329&from=web&vjs=3
Python Software Engineer,SilverOnyx,"Bluffdale, UT",https://www.indeed.com/viewjob?jk=2260e6c9b15d5b64&from=web&vjs=3
Python & Django,Launch Potato,Florida,https://www.indeed.com/viewjob?jk=eed0b5a7daa1ac2d&from=web&vjs=3
Remote Python Developer,"Insight Enterprises, Inc.",Arizona,https://www.indeed.com/viewjob?jk=1e711c00a915fced&from=web&vjs=3
Python developer,Ace-stack LLC,Virginia,https://www.indeed.com/viewjob?jk=e7ff3008632225d7&from=web&vjs=3
Python & Infrastructure Developer,Phrasee,Remote,https://www.indeed.com/viewjob?jk=c24cd253a1ca330e&from=web&vjs=3
PYTHON SOFTWARE ENGINEER-DEEP LEARNING,InspiHER Tech,United States,https://www.indeed.com/viewjob?jk=3dd6c509667887e7&from=web&vjs=3
Associate Detection & Response Engineer,Expel,Virginia,https://www.indeed.com/viewjob?jk=1e8f41111cefa6f7&from=web&vjs=3
Jr.Python developer on W2,Kree,Remote,https://www.indeed.com/viewjob?jk=de9460ab704023da&from=web&vjs=3
Python Developer,Stratus Video,Remote,https://www.indeed.com/viewjob?jk=e9162fa9c4a6bb7e&from=web&vjs=3
Python/Django Developer,Club Loop Technologies,"Tulsa, OK",https://www.indeed.com/viewjob?jk=012c351cab7a99b7&from=web&vjs=3
SQL Developer,ZealNine,"Irving, TX",https://www.indeed.com/viewjob?jk=f16518fad469ede1&from=web&vjs=3
Quality Assurance Engineer (Ruby / Capybara),"QualityLogic, Inc.","Oklahoma City, OK",https://www.indeed.com/viewjob?jk=f279d5454c574961&from=web&vjs=3
PYTHON SOFTWARE ENGINEER,"BigBear, Inc.","Reston, VA",https://www.indeed.com/viewjob?jk=5d22203661669770&from=web&vjs=3
Python Developer,Systech Corp,Remote,https://www.indeed.com/viewjob?jk=4d6e2b42ed19c1ec&from=web&vjs=3
Finance Data Analytics Manager,Smithfield Foods,"Smithfield, VA",https://www.indeed.com/viewjob?jk=8ccac8b405ae154d&from=web&vjs=3
Software Test Analyst,"Innovative Wireless Technologies, Inc.","Lynchburg, VA",https://www.indeed.com/viewjob?jk=248048b1b807a6d0&from=web&vjs=3
Python Developer,Systemonex INC,"New York, NY",https://www.indeed.com/viewjob?jk=261a6748688d29d6&from=web&vjs=3
Entry Level Python Developer / Jr. Python Developer,KesarWeb,"California City, CA",https://www.indeed.com/viewjob?jk=009e154a57fb37cd&from=web&vjs=3
JUNIOR PYTHON DEVELOPER,zb.io,Remote,https://www.indeed.com/viewjob?jk=b8469cd8158033a3&from=web&vjs=3
Entry Level Python Developer / Jr. Python Developer,Dash Technologies Inc,"Texas City, TX",https://www.indeed.com/viewjob?jk=29fdc2006cf2ac81&from=web&vjs=3
Python & Django,Launch Potato,Florida,https://www.indeed.com/viewjob?jk=eed0b5a7daa1ac2d&from=web&vjs=3
Remote Python Developer,"Insight Enterprises, Inc.",Arizona,https://www.indeed.com/viewjob?jk=1e711c00a915fced&from=web&vjs=3
Python developer,Ace-stack LLC,Virginia,https://www.indeed.com/viewjob?jk=e7ff3008632225d7&from=web&vjs=3
Python & Infrastructure Developer,Phrasee,Remote,https://www.indeed.com/viewjob?jk=c24cd253a1ca330e&from=web&vjs=3
PYTHON SOFTWARE ENGINEER-DEEP LEARNING,InspiHER Tech,United States,https://www.indeed.com/viewjob?jk=3dd6c509667887e7&from=web&vjs=3
Jr.Python developer on W2,Kree,Remote,https://www.indeed.com/viewjob?jk=de9460ab704023da&from=web&vjs=3
Associate Detection & Response Engineer,Expel,Virginia,https://www.indeed.com/viewjob?jk=1e8f41111cefa6f7&from=web&vjs=3
Python Developer,Stratus Video,Remote,https://www.indeed.com/viewjob?jk=e9162fa9c4a6bb7e&from=web&vjs=3
SQL Developer,ZealNine,"Irving, TX",https://www.indeed.com/viewjob?jk=f16518fad469ede1&from=web&vjs=3
Python/Django Developer,Club Loop Technologies,"Tulsa, OK",https://www.indeed.com/viewjob?jk=012c351cab7a99b7&from=web&vjs=3
Python Developer Intern,OXO Solutions,"Ruby, SC",https://www.indeed.com/viewjob?jk=84a541c104b5b24c&from=web&vjs=3
Python Developer,Cool Minds LLC,"Atlanta, GA",https://www.indeed.com/viewjob?jk=0268e224172a699e&from=web&vjs=3
Sr. Python Developer,PROLIM Corporation,United States,https://www.indeed.com/viewjob?jk=01e816c71aa1b7d8&from=web&vjs=3
"MACHINE LEARNING ENGINEER - PYTHON, TENSORFLOW",InspiHER Tech,United States,https://www.indeed.com/viewjob?jk=a754b1fae51c41d2&from=web&vjs=3
Python Developer,Ken Info Systems,"Fremont, CA",https://www.indeed.com/viewjob?jk=32182ba132872ce7&from=web&vjs=3
Jr. Python Developer,"DataSys Consulting and Software, Inc","Sunnyvale, CA",https://www.indeed.com/viewjob?jk=9c46a89712355ad2&from=web&vjs=3
Back-End Python Developer - GitPrime,Pluralsight,Colorado,https://www.indeed.com/viewjob?jk=a1abf6435924c5a1&from=web&vjs=3
Enterprise Document Librarian,Red Hat Software,Remote,https://www.indeed.com/viewjob?jk=68f5834d083183db&from=web&vjs=3
Data Scientist Apprentice,Amazon.com Services LLC,United States,https://www.indeed.com/viewjob?jk=5023251233a7c320&from=web&vjs=3
Python Software Engineer,SilverOnyx,"Bluffdale, UT",https://www.indeed.com/viewjob?jk=2260e6c9b15d5b64&from=web&vjs=3
Front end UI Developer with Python,Ace-stack LLC,Virginia,https://www.indeed.com/viewjob?jk=43ccc8ec3d7cd94d&from=web&vjs=3
Python Developer,diamond,California,https://www.indeed.com/viewjob?jk=6283c79ff09d40c5&from=web&vjs=3
Python Developer,Sara Technologies,United States,https://www.indeed.com/viewjob?jk=07cc59a85ae4d228&from=web&vjs=3
Python Developer,Coveted Solutions,"Charlotte, NC",https://www.indeed.com/viewjob?jk=6f7e1c32ab8770c0&from=web&vjs=3
Senior Python Developer,Zigna soft,"McLean, VA",https://www.indeed.com/viewjob?jk=d4391d395dce6dd3&from=web&vjs=3
Senior Python Developer,Frontierpay,Remote,https://www.indeed.com/viewjob?jk=249fd45368894066&from=web&vjs=3
"Junior Software Engineer (Remote, USA, Full-Time)",4 Mile Analytics,Remote,https://www.indeed.com/viewjob?jk=d9fd8018aa106b06&from=web&vjs=3
REMOTE-web developer for a ugent project for small business (Python/Django),"Piroshky Baking Company, LLC","Seattle, WA",https://www.indeed.com/viewjob?jk=645cdbae12593c1c&from=web&vjs=3
Data Analyst,Imperfect Foods,Remote,https://www.indeed.com/viewjob?jk=271cc9467034ed11&from=web&vjs=3
Business Intelligence Intern,Evil Geniuses,California,https://www.indeed.com/viewjob?jk=85e0505695b43f23&from=web&vjs=3
Python Developer,Ennsee Technologies,"New York, NY",https://www.indeed.com/viewjob?jk=81f1cd0554a6374f&from=web&vjs=3
Online Scratch/Python Remote Instructor,Nature Preschool Center,"Austin, TX",https://www.indeed.com/viewjob?jk=41d9b0e93a198bdf&from=web&vjs=3
Software Engineer (Python),StratoDem Analytics LLC,"Chapel Hill, NC",https://www.indeed.com/viewjob?jk=8161857206375e3a&from=web&vjs=3
Remote Front End Software Engineer Intern - Winter 2020,Addepar,California,https://www.indeed.com/viewjob?jk=3587dd5b378ea324&from=web&vjs=3
Intranet Communications Specialist,Red Hat Software,Remote,https://www.indeed.com/viewjob?jk=13349093d57dd502&from=web&vjs=3
Python Developer,Ioneq Inc.,"Boston, MA",https://www.indeed.com/viewjob?jk=ee6d0b2c18b80cf1&from=web&vjs=3
Python Programmer,HotSpot Therapeutics,"Boston, MA",https://www.indeed.com/viewjob?jk=14bbf8f9456c1447&from=web&vjs=3
Entry Level - Software Developer,Smoothstack Inc,"Fairfax, VA",https://www.indeed.com/viewjob?jk=e49f6527e777a4a3&from=web&vjs=3
Python Developer,RhinoCorps,"Albuquerque, NM",https://www.indeed.com/viewjob?jk=ef4a3a9ac86d112e&from=web&vjs=3
Python Test Engineer,SRR Solutions,Virginia,https://www.indeed.com/viewjob?jk=72ba91e537bfae70&from=web&vjs=3
Data Engineer with Python,Brickred,Washington State,https://www.indeed.com/viewjob?jk=3668cbc9b78be2ad&from=web&vjs=3
Backend Developer,Emergere Technologies,Texas,https://www.indeed.com/viewjob?jk=69d61b5b1052c23e&from=web&vjs=3
Data Scientist Entry Level - Pathrise Recruiting Partners,Pathrise,Remote,https://www.indeed.com/viewjob?jk=57125117d2b4b0f6&from=web&vjs=3
Python Developer,KoreMinds LLC,"Houston, TX",https://www.indeed.com/viewjob?jk=970e91be300f3251&from=web&vjs=3
Python Developer,Indus Group,United States,https://www.indeed.com/viewjob?jk=67008ecde32d356f&from=web&vjs=3
Backend Python Engineer - Remote,Doctor On Demand,"Minneapolis, MN",https://www.indeed.com/viewjob?jk=73e42b341f1654c8&from=web&vjs=3
Junior Software Developer,Cangrade Company,"Cambridge, MA",https://www.indeed.com/viewjob?jk=4b9bb0e09c7f93e6&from=web&vjs=3
Quality Assurance/Test Engineering Manager,"AppGuard, Inc.","Chantilly, VA",https://www.indeed.com/viewjob?jk=e5fca8914a2989c1&from=web&vjs=3
Data Scientist,Healthcare Fraud Shield,"Chesterfield, MO",https://www.indeed.com/viewjob?jk=326406e3c4c00329&from=web&vjs=3
Jr. Big Data Engineer,Enhance IT,"San Diego, CA",https://www.indeed.com/viewjob?jk=479fd881b9bded42&from=web&vjs=3
Python Developer,Systemonex INC,"New York, NY",https://www.indeed.com/viewjob?jk=261a6748688d29d6&from=web&vjs=3
Python Developer,Systech Corp,Remote,https://www.indeed.com/viewjob?jk=4d6e2b42ed19c1ec&from=web&vjs=3
Full Stack Developer,"DataPrivia, Inc.","Lynchburg, VA",https://www.indeed.com/viewjob?jk=1c8736147ead4a44&from=web&vjs=3
Software Test Analyst,"Innovative Wireless Technologies, Inc.","Lynchburg, VA",https://www.indeed.com/viewjob?jk=248048b1b807a6d0&from=web&vjs=3
Infrared Detector Scientist,Attollo Engineering,"Camarillo, CA",https://www.indeed.com/viewjob?jk=336952ca51dd00fb&from=web&vjs=3
Data Scientist,Healthcare Fraud Shield,"Chesterfield, MO",https://www.indeed.com/viewjob?jk=326406e3c4c00329&from=web&vjs=3
Jr. Big Data Engineer,Enhance IT,"San Diego, CA",https://www.indeed.com/viewjob?jk=479fd881b9bded42&from=web&vjs=3
Quality Assurance/Test Engineering Manager,"AppGuard, Inc.","Chantilly, VA",https://www.indeed.com/viewjob?jk=e5fca8914a2989c1&from=web&vjs=3
Early-Career Software Engineer,Lockheed Martin,"Herndon, VA",https://www.indeed.com/viewjob?jk=081b1d008cd05c85&from=web&vjs=3
Entry Level Python Developer / Jr. Python Developer,KesarWeb,"California City, CA",https://www.indeed.com/viewjob?jk=009e154a57fb37cd&from=web&vjs=3
JUNIOR PYTHON DEVELOPER,zb.io,Remote,https://www.indeed.com/viewjob?jk=b8469cd8158033a3&from=web&vjs=3
Entry Level Python Developer / Jr. Python Developer,Dash Technologies Inc,"Texas City, TX",https://www.indeed.com/viewjob?jk=29fdc2006cf2ac81&from=web&vjs=3
Python & Django,Launch Potato,Florida,https://www.indeed.com/viewjob?jk=eed0b5a7daa1ac2d&from=web&vjs=3
Remote Python Developer,"Insight Enterprises, Inc.",Arizona,https://www.indeed.com/viewjob?jk=1e711c00a915fced&from=web&vjs=3
Python developer,Ace-stack LLC,Virginia,https://www.indeed.com/viewjob?jk=e7ff3008632225d7&from=web&vjs=3
Python & Infrastructure Developer,Phrasee,Remote,https://www.indeed.com/viewjob?jk=c24cd253a1ca330e&from=web&vjs=3
PYTHON SOFTWARE ENGINEER-DEEP LEARNING,InspiHER Tech,United States,https://www.indeed.com/viewjob?jk=3dd6c509667887e7&from=web&vjs=3
Jr.Python developer on W2,Kree,Remote,https://www.indeed.com/viewjob?jk=de9460ab704023da&from=web&vjs=3
Associate Detection & Response Engineer,Expel,Virginia,https://www.indeed.com/viewjob?jk=1e8f41111cefa6f7&from=web&vjs=3
Python Developer,Stratus Video,Remote,https://www.indeed.com/viewjob?jk=e9162fa9c4a6bb7e&from=web&vjs=3
SQL Developer,ZealNine,"Irving, TX",https://www.indeed.com/viewjob?jk=f16518fad469ede1&from=web&vjs=3
Python/Django Developer,Club Loop Technologies,"Tulsa, OK",https://www.indeed.com/viewjob?jk=012c351cab7a99b7&from=web&vjs=3
Python Developer Intern,OXO Solutions,"Ruby, SC",https://www.indeed.com/viewjob?jk=84a541c104b5b24c&from=web&vjs=3
Python Developer,Cool Minds LLC,"Atlanta, GA",https://www.indeed.com/viewjob?jk=0268e224172a699e&from=web&vjs=3
Sr. Python Developer,PROLIM Corporation,United States,https://www.indeed.com/viewjob?jk=01e816c71aa1b7d8&from=web&vjs=3
"MACHINE LEARNING ENGINEER - PYTHON, TENSORFLOW",InspiHER Tech,United States,https://www.indeed.com/viewjob?jk=a754b1fae51c41d2&from=web&vjs=3
Python Developer,Ken Info Systems,"Fremont, CA",https://www.indeed.com/viewjob?jk=32182ba132872ce7&from=web&vjs=3
Jr. Python Developer,"DataSys Consulting and Software, Inc","Sunnyvale, CA",https://www.indeed.com/viewjob?jk=9c46a89712355ad2&from=web&vjs=3
Back-End Python Developer - GitPrime,Pluralsight,Colorado,https://www.indeed.com/viewjob?jk=a1abf6435924c5a1&from=web&vjs=3
Enterprise Document Librarian,Red Hat Software,Remote,https://www.indeed.com/viewjob?jk=68f5834d083183db&from=web&vjs=3
Data Scientist Apprentice,Amazon.com Services LLC,United States,https://www.indeed.com/viewjob?jk=5023251233a7c320&from=web&vjs=3
Python Software Engineer,SilverOnyx,"Bluffdale, UT",https://www.indeed.com/viewjob?jk=2260e6c9b15d5b64&from=web&vjs=3
Front end UI Developer with Python,Ace-stack LLC,Virginia,https://www.indeed.com/viewjob?jk=43ccc8ec3d7cd94d&from=web&vjs=3
Python Developer,diamond,California,https://www.indeed.com/viewjob?jk=6283c79ff09d40c5&from=web&vjs=3
Python Developer,Sara Technologies,United States,https://www.indeed.com/viewjob?jk=07cc59a85ae4d228&from=web&vjs=3
Python Developer,Coveted Solutions,"Charlotte, NC",https://www.indeed.com/viewjob?jk=6f7e1c32ab8770c0&from=web&vjs=3
Senior Python Developer,Zigna soft,"McLean, VA",https://www.indeed.com/viewjob?jk=d4391d395dce6dd3&from=web&vjs=3
Senior Python Developer,Frontierpay,Remote,https://www.indeed.com/viewjob?jk=249fd45368894066&from=web&vjs=3
"Junior Software Engineer (Remote, USA, Full-Time)",4 Mile Analytics,Remote,https://www.indeed.com/viewjob?jk=d9fd8018aa106b06&from=web&vjs=3
REMOTE-web developer for a ugent project for small business (Python/Django),"Piroshky Baking Company, LLC","Seattle, WA",https://www.indeed.com/viewjob?jk=645cdbae12593c1c&from=web&vjs=3
Data Analyst,Imperfect Foods,Remote,https://www.indeed.com/viewjob?jk=271cc9467034ed11&from=web&vjs=3
Business Intelligence Intern,Evil Geniuses,California,https://www.indeed.com/viewjob?jk=85e0505695b43f23&from=web&vjs=3
Python Developer,Ennsee Technologies,"New York, NY",https://www.indeed.com/viewjob?jk=81f1cd0554a6374f&from=web&vjs=3
Online Scratch/Python Remote Instructor,Nature Preschool Center,"Austin, TX",https://www.indeed.com/viewjob?jk=41d9b0e93a198bdf&from=web&vjs=3
Software Engineer (Python),StratoDem Analytics LLC,"Chapel Hill, NC",https://www.indeed.com/viewjob?jk=8161857206375e3a&from=web&vjs=3
Remote Front End Software Engineer Intern - Winter 2020,Addepar,California,https://www.indeed.com/viewjob?jk=3587dd5b378ea324&from=web&vjs=3
Intranet Communications Specialist,Red Hat Software,Remote,https://www.indeed.com/viewjob?jk=13349093d57dd502&from=web&vjs=3
Python Developer,Ioneq Inc.,"Boston, MA",https://www.indeed.com/viewjob?jk=ee6d0b2c18b80cf1&from=web&vjs=3
Python Programmer,HotSpot Therapeutics,"Boston, MA",https://www.indeed.com/viewjob?jk=14bbf8f9456c1447&from=web&vjs=3
Entry Level - Software Developer,Smoothstack Inc,"Fairfax, VA",https://www.indeed.com/viewjob?jk=e49f6527e777a4a3&from=web&vjs=3
Python Developer,RhinoCorps,"Albuquerque, NM",https://www.indeed.com/viewjob?jk=ef4a3a9ac86d112e&from=web&vjs=3
Python Test Engineer,SRR Solutions,Virginia,https://www.indeed.com/viewjob?jk=72ba91e537bfae70&from=web&vjs=3
Data Engineer with Python,Brickred,Washington State,https://www.indeed.com/viewjob?jk=3668cbc9b78be2ad&from=web&vjs=3
Backend Developer,Emergere Technologies,Texas,https://www.indeed.com/viewjob?jk=69d61b5b1052c23e&from=web&vjs=3
Data Scientist Entry Level - Pathrise Recruiting Partners,Pathrise,Remote,https://www.indeed.com/viewjob?jk=57125117d2b4b0f6&from=web&vjs=3
Python Developer,KoreMinds LLC,"Houston, TX",https://www.indeed.com/viewjob?jk=970e91be300f3251&from=web&vjs=3
Python Developer,Indus Group,United States,https://www.indeed.com/viewjob?jk=67008ecde32d356f&from=web&vjs=3
Backend Python Engineer - Remote,Doctor On Demand,"Minneapolis, MN",https://www.indeed.com/viewjob?jk=73e42b341f1654c8&from=web&vjs=3
Junior Software Developer,Cangrade Company,"Cambridge, MA",https://www.indeed.com/viewjob?jk=4b9bb0e09c7f93e6&from=web&vjs=3
Entry Level Python Developer / Jr. Python Developer,KesarWeb,"California City, CA",https://www.indeed.com/viewjob?jk=009e154a57fb37cd&from=web&vjs=3
Data Scientist,Healthcare Fraud Shield,"Chesterfield, MO",https://www.indeed.com/viewjob?jk=326406e3c4c00329&from=web&vjs=3
Python Software Engineer,SilverOnyx,"Bluffdale, UT",https://www.indeed.com/viewjob?jk=2260e6c9b15d5b64&from=web&vjs=3
JUNIOR PYTHON DEVELOPER,zb.io,Remote,https://www.indeed.com/viewjob?jk=b8469cd8158033a3&from=web&vjs=3
Entry Level Python Developer / Jr. Python Developer,Dash Technologies Inc,"Texas City, TX",https://www.indeed.com/viewjob?jk=29fdc2006cf2ac81&from=web&vjs=3
Python & Django,Launch Potato,Florida,https://www.indeed.com/viewjob?jk=eed0b5a7daa1ac2d&from=web&vjs=3
Remote Python Developer,"Insight Enterprises, Inc.",Arizona,https://www.indeed.com/viewjob?jk=1e711c00a915fced&from=web&vjs=3
Python developer,Ace-stack LLC,Virginia,https://www.indeed.com/viewjob?jk=e7ff3008632225d7&from=web&vjs=3
Python Developer,Systemonex INC,"New York, NY",https://www.indeed.com/viewjob?jk=261a6748688d29d6&from=web&vjs=3
Python Developer,Systech Corp,Remote,https://www.indeed.com/viewjob?jk=4d6e2b42ed19c1ec&from=web&vjs=3
PYTHON SOFTWARE ENGINEER-DEEP LEARNING,InspiHER Tech,United States,https://www.indeed.com/viewjob?jk=3dd6c509667887e7&from=web&vjs=3
Python & Infrastructure Developer,Phrasee,Remote,https://www.indeed.com/viewjob?jk=c24cd253a1ca330e&from=web&vjs=3
Associate Detection & Response Engineer,Expel,Virginia,https://www.indeed.com/viewjob?jk=1e8f41111cefa6f7&from=web&vjs=3
Jr.Python developer on W2,Kree,Remote,https://www.indeed.com/viewjob?jk=de9460ab704023da&from=web&vjs=3
Python Developer,Stratus Video,Remote,https://www.indeed.com/viewjob?jk=e9162fa9c4a6bb7e&from=web&vjs=3
Entry Level Python Developer / Jr. Python Developer,KesarWeb,"California City, CA",https://www.indeed.com/viewjob?jk=009e154a57fb37cd&from=web&vjs=3
JUNIOR PYTHON DEVELOPER,zb.io,Remote,https://www.indeed.com/viewjob?jk=b8469cd8158033a3&from=web&vjs=3
Entry Level Python Developer / Jr. Python Developer,Dash Technologies Inc,"Texas City, TX",https://www.indeed.com/viewjob?jk=29fdc2006cf2ac81&from=web&vjs=3
Data Scientist,Healthcare Fraud Shield,"Chesterfield, MO",https://www.indeed.com/viewjob?jk=326406e3c4c00329&from=web&vjs=3
Python Software Engineer,SilverOnyx,"Bluffdale, UT",https://www.indeed.com/viewjob?jk=2260e6c9b15d5b64&from=web&vjs=3
Python & Django,Launch Potato,Florida,https://www.indeed.com/viewjob?jk=eed0b5a7daa1ac2d&from=web&vjs=3
Remote Python Developer,"Insight Enterprises, Inc.",Arizona,https://www.indeed.com/viewjob?jk=1e711c00a915fced&from=web&vjs=3
Python developer,Ace-stack LLC,Virginia,https://www.indeed.com/viewjob?jk=e7ff3008632225d7&from=web&vjs=3
Python Developer,RhinoCorps,"Albuquerque, NM",https://www.indeed.com/viewjob?jk=ef4a3a9ac86d112e&from=web&vjs=3
Python & Infrastructure Developer,Phrasee,Remote,https://www.indeed.com/viewjob?jk=c24cd253a1ca330e&from=web&vjs=3
PYTHON SOFTWARE ENGINEER-DEEP LEARNING,InspiHER Tech,United States,https://www.indeed.com/viewjob?jk=3dd6c509667887e7&from=web&vjs=3
Associate Detection & Response Engineer,Expel,Virginia,https://www.indeed.com/viewjob?jk=1e8f41111cefa6f7&from=web&vjs=3
Jr.Python developer on W2,Kree,Remote,https://www.indeed.com/viewjob?jk=de9460ab704023da&from=web&vjs=3
Python Developer,Stratus Video,Remote,https://www.indeed.com/viewjob?jk=e9162fa9c4a6bb7e&from=web&vjs=3
Python/Django Developer,Club Loop Technologies,"Tulsa, OK",https://www.indeed.com/viewjob?jk=012c351cab7a99b7&from=web&vjs=3
Entry Level Python Developer / Jr. Python Developer,KesarWeb,"California City, CA",https://www.indeed.com/viewjob?jk=009e154a57fb37cd&from=web&vjs=3
JUNIOR PYTHON DEVELOPER,zb.io,Remote,https://www.indeed.com/viewjob?jk=b8469cd8158033a3&from=web&vjs=3
Entry Level Python Developer / Jr. Python Developer,Dash Technologies Inc,"Texas City, TX",https://www.indeed.com/viewjob?jk=29fdc2006cf2ac81&from=web&vjs=3
Data Scientist,Healthcare Fraud Shield,"Chesterfield, MO",https://www.indeed.com/viewjob?jk=326406e3c4c00329&from=web&vjs=3
Python & Django,Launch Potato,Florida,https://www.indeed.com/viewjob?jk=eed0b5a7daa1ac2d&from=web&vjs=3
Python Software Engineer,SilverOnyx,"Bluffdale, UT",https://www.indeed.com/viewjob?jk=2260e6c9b15d5b64&from=web&vjs=3
Remote Python Developer,"Insight Enterprises, Inc.",Arizona,https://www.indeed.com/viewjob?jk=1e711c00a915fced&from=web&vjs=3
Python developer,Ace-stack LLC,Virginia,https://www.indeed.com/viewjob?jk=e7ff3008632225d7&from=web&vjs=3
Python Developer,RhinoCorps,"Albuquerque, NM",https://www.indeed.com/viewjob?jk=ef4a3a9ac86d112e&from=web&vjs=3
Python & Infrastructure Developer,Phrasee,Remote,https://www.indeed.com/viewjob?jk=c24cd253a1ca330e&from=web&vjs=3
PYTHON SOFTWARE ENGINEER-DEEP LEARNING,InspiHER Tech,United States,https://www.indeed.com/viewjob?jk=3dd6c509667887e7&from=web&vjs=3
Associate Detection & Response Engineer,Expel,Virginia,https://www.indeed.com/viewjob?jk=1e8f41111cefa6f7&from=web&vjs=3
Jr.Python developer on W2,Kree,Remote,https://www.indeed.com/viewjob?jk=de9460ab704023da&from=web&vjs=3
Python Developer,Stratus Video,Remote,https://www.indeed.com/viewjob?jk=e9162fa9c4a6bb7e&from=web&vjs=3
Python/Django Developer,Club Loop Technologies,"Tulsa, OK",https://www.indeed.com/viewjob?jk=012c351cab7a99b7&from=web&vjs=3
PYTHON SOFTWARE ENGINEER,"BigBear, Inc.","Reston, VA",https://www.indeed.com/viewjob?jk=5d22203661669770&from=web&vjs=3
Software Test Analyst,"Innovative Wireless Technologies, Inc.","Lynchburg, VA",https://www.indeed.com/viewjob?jk=248048b1b807a6d0&from=web&vjs=3
DevSecOps Engineer,NCI Information Systems Inc.,"Reston, VA",https://www.indeed.com/viewjob?jk=922bdad33edccdbb&from=web&vjs=3
Python Developer,Systemonex INC,"New York, NY",https://www.indeed.com/viewjob?jk=261a6748688d29d6&from=web&vjs=3
Jr. Big Data Engineer,Enhance IT,"San Diego, CA",https://www.indeed.com/viewjob?jk=479fd881b9bded42&from=web&vjs=3
Python Developer,Systech Corp,Remote,https://www.indeed.com/viewjob?jk=4d6e2b42ed19c1ec&from=web&vjs=3
Data Scientist,Healthcare Fraud Shield,"Chesterfield, MO",https://www.indeed.com/viewjob?jk=326406e3c4c00329&from=web&vjs=3
Quality Assurance/Test Engineering Manager,"AppGuard, Inc.","Chantilly, VA",https://www.indeed.com/viewjob?jk=e5fca8914a2989c1&from=web&vjs=3
Apigee Architect,Rencata,"Irvine, CA",https://www.indeed.com/viewjob?jk=fefd755889d318d1&from=web&vjs=3
Entry Level Python Developer / Jr. Python Developer,KesarWeb,"California City, CA",https://www.indeed.com/viewjob?jk=009e154a57fb37cd&from=web&vjs=3
JUNIOR PYTHON DEVELOPER,zb.io,Remote,https://www.indeed.com/viewjob?jk=b8469cd8158033a3&from=web&vjs=3
Entry Level Python Developer / Jr. Python Developer,Dash Technologies Inc,"Texas City, TX",https://www.indeed.com/viewjob?jk=29fdc2006cf2ac81&from=web&vjs=3
Python & Django,Launch Potato,Florida,https://www.indeed.com/viewjob?jk=eed0b5a7daa1ac2d&from=web&vjs=3
Remote Python Developer,"Insight Enterprises, Inc.",Arizona,https://www.indeed.com/viewjob?jk=1e711c00a915fced&from=web&vjs=3
Python developer,Ace-stack LLC,Virginia,https://www.indeed.com/viewjob?jk=e7ff3008632225d7&from=web&vjs=3
Python & Infrastructure Developer,Phrasee,Remote,https://www.indeed.com/viewjob?jk=c24cd253a1ca330e&from=web&vjs=3
PYTHON SOFTWARE ENGINEER-DEEP LEARNING,InspiHER Tech,United States,https://www.indeed.com/viewjob?jk=3dd6c509667887e7&from=web&vjs=3
Jr.Python developer on W2,Kree,Remote,https://www.indeed.com/viewjob?jk=de9460ab704023da&from=web&vjs=3
Associate Detection & Response Engineer,Expel,Virginia,https://www.indeed.com/viewjob?jk=1e8f41111cefa6f7&from=web&vjs=3
Python Developer,Stratus Video,Remote,https://www.indeed.com/viewjob?jk=e9162fa9c4a6bb7e&from=web&vjs=3
SQL Developer,ZealNine,"Irving, TX",https://www.indeed.com/viewjob?jk=f16518fad469ede1&from=web&vjs=3
Python/Django Developer,Club Loop Technologies,"Tulsa, OK",https://www.indeed.com/viewjob?jk=012c351cab7a99b7&from=web&vjs=3
Python Developer Intern,OXO Solutions,"Ruby, SC",https://www.indeed.com/viewjob?jk=84a541c104b5b24c&from=web&vjs=3
Python Developer,Cool Minds LLC,"Atlanta, GA",https://www.indeed.com/viewjob?jk=0268e224172a699e&from=web&vjs=3
Sr. Python Developer,PROLIM Corporation,United States,https://www.indeed.com/viewjob?jk=01e816c71aa1b7d8&from=web&vjs=3
"MACHINE LEARNING ENGINEER - PYTHON, TENSORFLOW",InspiHER Tech,United States,https://www.indeed.com/viewjob?jk=a754b1fae51c41d2&from=web&vjs=3
Python Developer,Ken Info Systems,"Fremont, CA",https://www.indeed.com/viewjob?jk=32182ba132872ce7&from=web&vjs=3
Jr. Python Developer,"DataSys Consulting and Software, Inc","Sunnyvale, CA",https://www.indeed.com/viewjob?jk=9c46a89712355ad2&from=web&vjs=3
Back-End Python Developer - GitPrime,Pluralsight,Colorado,https://www.indeed.com/viewjob?jk=a1abf6435924c5a1&from=web&vjs=3
Enterprise Document Librarian,Red Hat Software,Remote,https://www.indeed.com/viewjob?jk=68f5834d083183db&from=web&vjs=3
Data Scientist Apprentice,Amazon.com Services LLC,United States,https://www.indeed.com/viewjob?jk=5023251233a7c320&from=web&vjs=3
Python Software Engineer,SilverOnyx,"Bluffdale, UT",https://www.indeed.com/viewjob?jk=2260e6c9b15d5b64&from=web&vjs=3
Front end UI Developer with Python,Ace-stack LLC,Virginia,https://www.indeed.com/viewjob?jk=43ccc8ec3d7cd94d&from=web&vjs=3
Python Developer,diamond,California,https://www.indeed.com/viewjob?jk=6283c79ff09d40c5&from=web&vjs=3
Python Developer,Sara Technologies,United States,https://www.indeed.com/viewjob?jk=07cc59a85ae4d228&from=web&vjs=3
Python Developer,Coveted Solutions,"Charlotte, NC",https://www.indeed.com/viewjob?jk=6f7e1c32ab8770c0&from=web&vjs=3
Senior Python Developer,Zigna soft,"McLean, VA",https://www.indeed.com/viewjob?jk=d4391d395dce6dd3&from=web&vjs=3
Senior Python Developer,Frontierpay,Remote,https://www.indeed.com/viewjob?jk=249fd45368894066&from=web&vjs=3
"Junior Software Engineer (Remote, USA, Full-Time)",4 Mile Analytics,Remote,https://www.indeed.com/viewjob?jk=d9fd8018aa106b06&from=web&vjs=3
REMOTE-web developer for a ugent project for small business (Python/Django),"Piroshky Baking Company, LLC","Seattle, WA",https://www.indeed.com/viewjob?jk=645cdbae12593c1c&from=web&vjs=3
Data Analyst,Imperfect Foods,Remote,https://www.indeed.com/viewjob?jk=271cc9467034ed11&from=web&vjs=3
Business Intelligence Intern,Evil Geniuses,California,https://www.indeed.com/viewjob?jk=85e0505695b43f23&from=web&vjs=3
Python Developer,Ennsee Technologies,"New York, NY",https://www.indeed.com/viewjob?jk=81f1cd0554a6374f&from=web&vjs=3
Online Scratch/Python Remote Instructor,Nature Preschool Center,"Austin, TX",https://www.indeed.com/viewjob?jk=41d9b0e93a198bdf&from=web&vjs=3
Software Engineer (Python),StratoDem Analytics LLC,"Chapel Hill, NC",https://www.indeed.com/viewjob?jk=8161857206375e3a&from=web&vjs=3
Remote Front End Software Engineer Intern - Winter 2020,Addepar,California,https://www.indeed.com/viewjob?jk=3587dd5b378ea324&from=web&vjs=3
Intranet Communications Specialist,Red Hat Software,Remote,https://www.indeed.com/viewjob?jk=13349093d57dd502&from=web&vjs=3
Python Developer,Ioneq Inc.,"Boston, MA",https://www.indeed.com/viewjob?jk=ee6d0b2c18b80cf1&from=web&vjs=3
Python Programmer,HotSpot Therapeutics,"Boston, MA",https://www.indeed.com/viewjob?jk=14bbf8f9456c1447&from=web&vjs=3
Entry Level - Software Developer,Smoothstack Inc,"Fairfax, VA",https://www.indeed.com/viewjob?jk=e49f6527e777a4a3&from=web&vjs=3
Python Developer,RhinoCorps,"Albuquerque, NM",https://www.indeed.com/viewjob?jk=ef4a3a9ac86d112e&from=web&vjs=3
Python Test Engineer,SRR Solutions,Virginia,https://www.indeed.com/viewjob?jk=72ba91e537bfae70&from=web&vjs=3
Data Engineer with Python,Brickred,Washington State,https://www.indeed.com/viewjob?jk=3668cbc9b78be2ad&from=web&vjs=3
Backend Developer,Emergere Technologies,Texas,https://www.indeed.com/viewjob?jk=69d61b5b1052c23e&from=web&vjs=3
Data Scientist Entry Level - Pathrise Recruiting Partners,Pathrise,Remote,https://www.indeed.com/viewjob?jk=57125117d2b4b0f6&from=web&vjs=3
Python Developer,KoreMinds LLC,"Houston, TX",https://www.indeed.com/viewjob?jk=970e91be300f3251&from=web&vjs=3
Python Developer,Indus Group,United States,https://www.indeed.com/viewjob?jk=67008ecde32d356f&from=web&vjs=3
Backend Python Engineer - Remote,Doctor On Demand,"Minneapolis, MN",https://www.indeed.com/viewjob?jk=73e42b341f1654c8&from=web&vjs=3
Junior Software Developer,Cangrade Company,"Cambridge, MA",https://www.indeed.com/viewjob?jk=4b9bb0e09c7f93e6&from=web&vjs=3
Python Developer,Systemonex INC,"New York, NY",https://www.indeed.com/viewjob?jk=261a6748688d29d6&from=web&vjs=3
Python Developer,Systech Corp,Remote,https://www.indeed.com/viewjob?jk=4d6e2b42ed19c1ec&from=web&vjs=3
Full Stack Developer,"DataPrivia, Inc.","Lynchburg, VA",https://www.indeed.com/viewjob?jk=1c8736147ead4a44&from=web&vjs=3
Software Test Analyst,"Innovative Wireless Technologies, Inc.","Lynchburg, VA",https://www.indeed.com/viewjob?jk=248048b1b807a6d0&from=web&vjs=3
Data Scientist,Healthcare Fraud Shield,"Chesterfield, MO",https://www.indeed.com/viewjob?jk=326406e3c4c00329&from=web&vjs=3
Jr. Big Data Engineer,Enhance IT,"San Diego, CA",https://www.indeed.com/viewjob?jk=479fd881b9bded42&from=web&vjs=3
Entry Level Python Developer / Jr. Python Developer,KesarWeb,"California City, CA",https://www.indeed.com/viewjob?jk=009e154a57fb37cd&from=web&vjs=3
JUNIOR PYTHON DEVELOPER,zb.io,Remote,https://www.indeed.com/viewjob?jk=b8469cd8158033a3&from=web&vjs=3
Entry Level Python Developer / Jr. Python Developer,Dash Technologies Inc,"Texas City, TX",https://www.indeed.com/viewjob?jk=29fdc2006cf2ac81&from=web&vjs=3
Python & Django,Launch Potato,Florida,https://www.indeed.com/viewjob?jk=eed0b5a7daa1ac2d&from=web&vjs=3
Remote Python Developer,"Insight Enterprises, Inc.",Arizona,https://www.indeed.com/viewjob?jk=1e711c00a915fced&from=web&vjs=3
Python developer,Ace-stack LLC,Virginia,https://www.indeed.com/viewjob?jk=e7ff3008632225d7&from=web&vjs=3
Python & Infrastructure Developer,Phrasee,Remote,https://www.indeed.com/viewjob?jk=c24cd253a1ca330e&from=web&vjs=3
PYTHON SOFTWARE ENGINEER-DEEP LEARNING,InspiHER Tech,United States,https://www.indeed.com/viewjob?jk=3dd6c509667887e7&from=web&vjs=3
Associate Detection & Response Engineer,Expel,Virginia,https://www.indeed.com/viewjob?jk=1e8f41111cefa6f7&from=web&vjs=3
Jr.Python developer on W2,Kree,Remote,https://www.indeed.com/viewjob?jk=de9460ab704023da&from=web&vjs=3
Python Developer,Stratus Video,Remote,https://www.indeed.com/viewjob?jk=e9162fa9c4a6bb7e&from=web&vjs=3
Python/Django Developer,Club Loop Technologies,"Tulsa, OK",https://www.indeed.com/viewjob?jk=012c351cab7a99b7&from=web&vjs=3
SQL Developer,ZealNine,"Irving, TX",https://www.indeed.com/viewjob?jk=f16518fad469ede1&from=web&vjs=3
Python Developer Intern,OXO Solutions,"Ruby, SC",https://www.indeed.com/viewjob?jk=84a541c104b5b24c&from=web&vjs=3
Python Developer,Cool Minds LLC,"Atlanta, GA",https://www.indeed.com/viewjob?jk=0268e224172a699e&from=web&vjs=3
Sr. Python Developer,PROLIM Corporation,United States,https://www.indeed.com/viewjob?jk=01e816c71aa1b7d8&from=web&vjs=3
"MACHINE LEARNING ENGINEER - PYTHON, TENSORFLOW",InspiHER Tech,United States,https://www.indeed.com/viewjob?jk=a754b1fae51c41d2&from=web&vjs=3
Python Developer,Ken Info Systems,"Fremont, CA",https://www.indeed.com/viewjob?jk=32182ba132872ce7&from=web&vjs=3
Jr. Python Developer,"DataSys Consulting and Software, Inc","Sunnyvale, CA",https://www.indeed.com/viewjob?jk=9c46a89712355ad2&from=web&vjs=3
Back-End Python Developer - GitPrime,Pluralsight,Colorado,https://www.indeed.com/viewjob?jk=a1abf6435924c5a1&from=web&vjs=3
Data Scientist Apprentice,Amazon.com Services LLC,United States,https://www.indeed.com/viewjob?jk=5023251233a7c320&from=web&vjs=3
Enterprise Document Librarian,Red Hat Software,Remote,https://www.indeed.com/viewjob?jk=68f5834d083183db&from=web&vjs=3
Python Software Engineer,SilverOnyx,"Bluffdale, UT",https://www.indeed.com/viewjob?jk=2260e6c9b15d5b64&from=web&vjs=3
Front end UI Developer with Python,Ace-stack LLC,Virginia,https://www.indeed.com/viewjob?jk=43ccc8ec3d7cd94d&from=web&vjs=3
Python Developer,diamond,California,https://www.indeed.com/viewjob?jk=6283c79ff09d40c5&from=web&vjs=3
Python Developer,Coveted Solutions,"Charlotte, NC",https://www.indeed.com/viewjob?jk=6f7e1c32ab8770c0&from=web&vjs=3
Python Developer,Sara Technologies,United States,https://www.indeed.com/viewjob?jk=07cc59a85ae4d228&from=web&vjs=3
Senior Python Developer,Zigna soft,"McLean, VA",https://www.indeed.com/viewjob?jk=d4391d395dce6dd3&from=web&vjs=3
REMOTE-web developer for a ugent project for small business (Python/Django),"Piroshky Baking Company, LLC","Seattle, WA",https://www.indeed.com/viewjob?jk=645cdbae12593c1c&from=web&vjs=3
Business Intelligence Intern,Evil Geniuses,California,https://www.indeed.com/viewjob?jk=85e0505695b43f23&from=web&vjs=3
Software Engineer (Python),StratoDem Analytics LLC,"Chapel Hill, NC",https://www.indeed.com/viewjob?jk=8161857206375e3a&from=web&vjs=3
Python Developer,Ennsee Technologies,"New York, NY",https://www.indeed.com/viewjob?jk=81f1cd0554a6374f&from=web&vjs=3
"Junior Software Engineer (Remote, USA, Full-Time)",4 Mile Analytics,Remote,https://www.indeed.com/viewjob?jk=d9fd8018aa106b06&from=web&vjs=3
Intranet Communications Specialist,Red Hat Software,Remote,https://www.indeed.com/viewjob?jk=13349093d57dd502&from=web&vjs=3
Python Developer,Ioneq Inc.,"Boston, MA",https://www.indeed.com/viewjob?jk=ee6d0b2c18b80cf1&from=web&vjs=3
Senior Python Developer,Frontierpay,Remote,https://www.indeed.com/viewjob?jk=249fd45368894066&from=web&vjs=3
Remote Front End Software Engineer Intern - Winter 2020,Addepar,California,https://www.indeed.com/viewjob?jk=3587dd5b378ea324&from=web&vjs=3
Data Analyst,Imperfect Foods,Remote,https://www.indeed.com/viewjob?jk=271cc9467034ed11&from=web&vjs=3
Entry Level - Software Developer,Smoothstack Inc,"Fairfax, VA",https://www.indeed.com/viewjob?jk=e49f6527e777a4a3&from=web&vjs=3
Python Programmer,HotSpot Therapeutics,"Boston, MA",https://www.indeed.com/viewjob?jk=14bbf8f9456c1447&from=web&vjs=3
Online Scratch/Python Remote Instructor,Nature Preschool Center,"Austin, TX",https://www.indeed.com/viewjob?jk=41d9b0e93a198bdf&from=web&vjs=3
Python Developer,KoreMinds LLC,"Houston, TX",https://www.indeed.com/viewjob?jk=970e91be300f3251&from=web&vjs=3
Data Engineer with Python,Brickred,Washington State,https://www.indeed.com/viewjob?jk=3668cbc9b78be2ad&from=web&vjs=3
Backend Developer,Emergere Technologies,Texas,https://www.indeed.com/viewjob?jk=69d61b5b1052c23e&from=web&vjs=3
Python Developer,RhinoCorps,"Albuquerque, NM",https://www.indeed.com/viewjob?jk=ef4a3a9ac86d112e&from=web&vjs=3
Backend Python Engineer - Remote,Doctor On Demand,"Minneapolis, MN",https://www.indeed.com/viewjob?jk=73e42b341f1654c8&from=web&vjs=3
Python Developer,Indus Group,United States,https://www.indeed.com/viewjob?jk=67008ecde32d356f&from=web&vjs=3
Junior Quant,Dexterity Capital,Remote,https://www.indeed.com/viewjob?jk=e1a750ccc83bd177&from=web&vjs=3
Python Test Engineer,SRR Solutions,Virginia,https://www.indeed.com/viewjob?jk=72ba91e537bfae70&from=web&vjs=3
Python Developer,Sreyo Inc,"Morrisville, NC",https://www.indeed.com/viewjob?jk=df9b06ae15f40143&from=web&vjs=3
Data Analyst with sql,First Notch Technology,"Richmond, VA",https://www.indeed.com/viewjob?jk=57babc3dd02caa85&from=web&vjs=3
Early-Career Software Engineer,Lockheed Martin,"Herndon, VA",https://www.indeed.com/viewjob?jk=081b1d008cd05c85&from=web&vjs=3
Quality Assurance/Test Engineering Manager,"AppGuard, Inc.","Chantilly, VA",https://www.indeed.com/viewjob?jk=e5fca8914a2989c1&from=web&vjs=3
Entry Level Python Developer / Jr. Python Developer,KesarWeb,"California City, CA",https://www.indeed.com/viewjob?jk=009e154a57fb37cd&from=web&vjs=3
JUNIOR PYTHON DEVELOPER,zb.io,Remote,https://www.indeed.com/viewjob?jk=b8469cd8158033a3&from=web&vjs=3
Entry Level Python Developer / Jr. Python Developer,Dash Technologies Inc,"Texas City, TX",https://www.indeed.com/viewjob?jk=29fdc2006cf2ac81&from=web&vjs=3
Python & Django,Launch Potato,Florida,https://www.indeed.com/viewjob?jk=eed0b5a7daa1ac2d&from=web&vjs=3
Remote Python Developer,"Insight Enterprises, Inc.",Arizona,https://www.indeed.com/viewjob?jk=1e711c00a915fced&from=web&vjs=3
Python developer,Ace-stack LLC,Virginia,https://www.indeed.com/viewjob?jk=e7ff3008632225d7&from=web&vjs=3
Python Developer,Systemonex INC,"New York, NY",https://www.indeed.com/viewjob?jk=261a6748688d29d6&from=web&vjs=3
Python Developer,Systech Corp,Remote,https://www.indeed.com/viewjob?jk=4d6e2b42ed19c1ec&from=web&vjs=3
Python & Infrastructure Developer,Phrasee,Remote,https://www.indeed.com/viewjob?jk=c24cd253a1ca330e&from=web&vjs=3
PYTHON SOFTWARE ENGINEER-DEEP LEARNING,InspiHER Tech,United States,https://www.indeed.com/viewjob?jk=3dd6c509667887e7&from=web&vjs=3
Associate Detection & Response Engineer,Expel,Virginia,https://www.indeed.com/viewjob?jk=1e8f41111cefa6f7&from=web&vjs=3
Jr.Python developer on W2,Kree,Remote,https://www.indeed.com/viewjob?jk=de9460ab704023da&from=web&vjs=3
Python Developer,Stratus Video,Remote,https://www.indeed.com/viewjob?jk=e9162fa9c4a6bb7e&from=web&vjs=3
Python/Django Developer,Club Loop Technologies,"Tulsa, OK",https://www.indeed.com/viewjob?jk=012c351cab7a99b7&from=web&vjs=3
SQL Developer,ZealNine,"Irving, TX",https://www.indeed.com/viewjob?jk=f16518fad469ede1&from=web&vjs=3
